Nitrogen,Phosphorous,Potassium,Temperature,Humidity,pH,Rainfall,Crop_Type,Total_Nutrients,NPK_Avg,Temp_Humidity_Index,Expected_yield,Fertility_level
90,42,43,20.87974371,82.00274423,6.502985292000001,202.9355362,rice,175,58.333333333333336,17.121962830390814,70.27549,High
85,58,41,21.77046169,80.31964408,7.038096361,226.6555374,rice,184,61.333333333333336,17.485957343980754,72.79079,High
60,55,44,23.00445915,82.3207629,7.840207144,263.9642476,rice,159,53.0,18.937446273298857,74.3234,Medium
74,35,40,26.49109635,80.15836264,6.980400905,242.8640342,rice,149,49.666666666666664,21.234829079544806,70.45931,Medium
78,42,42,20.13017482,81.60487287,7.628472891,262.7173405,rice,162,54.0,16.42720357036975,72.052124,Medium
69,37,42,23.05804872,83.37011772,7.073453503,251.0549998,rice,148,49.333333333333336,19.22352236179895,70.72122,Medium
69,55,38,22.70883798,82.63941394,5.70080568,271.3248604,rice,162,54.0,18.766450619256133,74.74508,Medium
94,53,40,20.27774362,82.89408619,5.718627177999999,241.9741949,rice,187,62.333333333333336,16.809050273750024,75.34704,High
89,54,38,24.51588066,83.53521629999999,6.685346424,230.4462359,rice,181,60.333333333333336,20.479393937180863,74.52941,High
68,58,38,23.22397386,83.03322691,6.336253525,221.2091958,rice,164,54.666666666666664,19.283614912692887,70.802025,Medium
91,53,40,26.52723513,81.41753846,5.386167788,264.6148697,rice,184,61.333333333333336,21.597821864342382,79.0349,High
90,46,42,23.97898217,81.45061596,7.50283396,250.0832336,rice,178,59.333333333333336,19.531028678403572,74.937996,High
78,58,44,26.80079604,80.88684822,5.108681786,284.4364567,rice,180,60.0,21.678319214626573,79.3643,High
93,56,36,24.01497622,82.05687182,6.98435366,185.2773389,rice,185,61.666666666666664,19.70593825444888,70.32493,High
94,50,37,25.66585205,80.66385045,6.94801983,209.5869708,rice,181,60.333333333333336,20.703064514330258,72.29821,High
60,48,39,24.28209415,80.30025587,7.042299068999999,231.0863347,rice,147,49.0,19.498583733044303,68.868454,Medium
85,38,41,21.58711777,82.7883708,6.2490506560000005,276.65524589999995,rice,164,54.666666666666664,17.871623104460287,75.51406,Medium
91,35,39,23.79391957,80.41817957,6.970859754,206.2611855,rice,165,55.0,19.134636966543972,69.4358,Medium
77,38,36,21.8652524,80.1923008,5.953933276,224.55501690000003,rice,151,50.333333333333336,17.53424897528722,68.23455,Medium
88,35,40,23.57943626,83.58760316,5.85393208,291.2986618000001,rice,163,54.333333333333336,19.70948560837395,77.36252,Medium
89,45,36,21.32504158,80.47476396,6.442475375,185.4974732,rice,170,56.666666666666664,17.161276875876855,66.91988,High
76,40,43,25.15745531,83.11713476,5.070175667,231.3843163,rice,159,53.0,20.910156032199474,70.80767,Medium
67,59,41,21.94766735,80.97384195,6.012632591,213.3560921,rice,167,55.666666666666664,17.771869471700754,70.2457,Medium
83,41,43,21.0525355,82.67839517,6.254028451,233.1075816,rice,167,55.666666666666664,17.40589849399454,71.641045,Medium
98,47,37,23.48381344,81.33265073,7.375482851,224.0581164,rice,182,60.666666666666664,19.100007963239996,73.02148,High
66,53,41,25.0756354,80.52389148,7.778915154,257.0038865,rice,160,53.333333333333336,20.191877437416466,72.517204,Medium
97,59,43,26.35927159,84.04403589,6.2865001760000006,271.35861370000003,rice,199,66.33333333333333,22.153395675442177,82.00549,High
97,50,41,24.52922681,80.54498576,7.070959995,260.2634026,rice,188,62.666666666666664,19.757062241152603,77.7035,High
60,49,44,20.77576147,84.49774397,6.244841491,240.0810647,rice,153,51.0,17.55504973473851,72.04416,Medium
84,51,35,22.30157427,80.64416466,6.043304899,197.9791215,rice,170,56.666666666666664,17.984918276070992,68.55065,High
73,57,41,21.44653958,84.94375962,5.824709117,272.2017204,rice,171,57.0,18.217497027643354,76.504486,High
92,35,40,22.17931888,80.33127223,6.3573893660000005,200.0882787,rice,167,55.666666666666664,17.816929028252588,67.67222,Medium
85,37,39,24.52783742,82.73685569,6.364134967999999,224.67572310000003,rice,161,53.666666666666664,20.29356145006322,70.35009,Medium
98,53,38,20.26707606,81.63895217,5.01450727,270.4417274,rice,189,63.0,16.545828530880918,79.118034,High
88,54,44,25.7354293,83.88266234,6.149410611,233.1321372,rice,186,62.0,21.587563261468425,75.60375,High
95,55,42,26.79533926,82.1480873,5.950660556,193.3473987,rice,192,64.0,22.01185868763597,72.42526,High
99,57,35,26.75754171,81.17734011,5.960370061,272.29990560000005,rice,191,63.666666666666664,21.721060639001813,80.609436,High
95,39,36,23.86330467,83.15250801,5.561398642,285.2493645,rice,170,56.666666666666664,19.842936327172456,76.94146,High
60,43,44,21.01944696,82.95221726,7.416245107000001,298.40184710000005,rice,147,49.0,17.436097309109662,74.530304,Medium
63,44,41,24.17298839,83.7287574,5.583370042,257.0343554,rice,148,49.333333333333336,20.23974280539327,71.626915,Medium
62,42,36,22.78133816,82.06719137,6.430010215,248.7183228,rice,140,46.666666666666664,18.69600438441404,68.32338,Medium
64,45,43,25.62980105,83.52842314,5.534878156,209.9001977,rice,152,50.666666666666664,21.408168670984164,68.82237,Medium
83,60,36,25.59704938,80.14509262,6.903985986,200.834898,rice,179,59.666666666666664,20.514778933588136,69.83922,High
82,40,40,23.83067496,84.81360127,6.271478837999999,298.5601175,rice,162,54.0,20.211653640524133,77.83718,Medium
85,52,45,26.31355498,82.36698992,7.224285503,265.5355937,rice,182,60.666666666666664,21.673683177970258,79.03753,High
91,35,38,24.8972823,80.52586088,6.13428721,183.6793207,rice,164,54.666666666666664,20.048750907798865,66.35101,Medium
76,49,42,24.958779,84.47963372,5.206373153,196.95600080000003,rice,167,55.666666666666664,21.085085080184275,68.876945,Medium
74,39,38,23.24113501,84.59201843,7.782051312999999,233.0453455,rice,151,50.333333333333336,19.66014521100038,69.82344,Medium
79,43,39,21.66628296,80.70960551,7.062779015,210.8142087,rice,161,53.666666666666664,17.486771505696353,68.69104,Medium
88,55,45,24.63544858,80.41363018,7.730367824,253.7202781,rice,188,62.666666666666664,19.81025851430526,75.976036,High
60,36,43,23.43121862,83.06310136,5.286203711000001,219.9048349,rice,139,46.333333333333336,19.462696872213794,66.06246,Medium
76,60,39,20.0454142,80.3477562,6.766240045,208.5810155,rice,175,58.333333333333336,16.10604053069618,70.76939,High
93,56,42,23.85724032,82.22572988,7.382762603,195.0948311,rice,191,63.666666666666664,19.616789982345647,71.97393,High
65,60,43,21.97199397,81.89918197,5.658169482000001,227.3637009,rice,168,56.0,17.994883323927727,71.24711,High
95,52,36,26.22916897,83.83625819,5.543360237999999,286.5083725,rice,183,61.0,21.989553818780564,80.03821,High
75,38,39,23.44676801,84.79352417,6.215109715,283.9338466,rice,152,50.666666666666664,19.881340899643178,74.93749,Medium
74,54,38,25.65553461,83.47021081,7.120272972,217.3788583,rice,166,55.333333333333336,21.41472882339951,71.14057,Medium
91,36,45,24.44345477,82.45432595,5.950647577000001,267.97619480000003,rice,172,57.333333333333336,20.15468586949662,77.00775,High
71,46,40,20.2801937,82.1235421,7.236705436,191.9535738,rice,157,52.333333333333336,16.65481341118105,65.95545,Medium
99,55,35,21.7238313,80.2389895,6.501697816,277.9626192,rice,189,63.0,17.430982715804713,79.490944,High
72,40,38,20.41447029,82.20802629,7.592490617,245.1511304,rice,150,50.0,16.782333102967442,70.08666,Medium
83,58,45,25.75528612,83.51827127,5.875345751,245.6626799,rice,186,62.0,21.51036972806626,76.66252,High
93,58,38,20.61521424,83.77345559,6.932400225,279.5451717,rice,189,63.0,17.270077346129757,80.03055,High
70,36,42,21.84106875,80.72886384,6.9462098810000015,202.3838319,rice,148,49.333333333333336,17.632046652388293,66.51001,Medium
76,47,42,20.08369642,83.29114712,5.739175027000001,263.6372176,rice,165,55.0,16.727941132316374,73.61738,Medium
99,41,36,24.45802087,82.74835604,6.738652179,182.5616319,rice,176,58.666666666666664,20.238610189845105,68.69928,High
99,54,37,21.14347496,80.33502926,5.5948196260000005,198.6730942,rice,190,63.333333333333336,16.98561679569677,71.200516,High
86,59,35,25.78720567,82.11124033,6.946636369,243.5120414,rice,180,60.0,21.174194422085083,75.50111,High
69,46,41,23.64124821,80.28597873,5.012139669,263.1103304,rice,156,52.0,18.980607509387106,72.01736,Medium
91,56,37,23.43191632,80.56887849,6.363472207999999,269.5039162,rice,184,61.333333333333336,18.878832187739278,78.48506,High
61,52,41,24.97669518,83.891805,6.880431223,204.8001847,rice,154,51.333333333333336,20.953400415850002,68.49311,Medium
67,45,38,22.72791041,82.17068809999998,7.300410836,260.8875056,rice,150,50.0,18.675680374648525,71.32754,Medium
79,42,37,24.87300744,82.84022551,6.587918707999999,295.6094492000001,rice,158,52.666666666666664,20.604855454415073,76.94656,Medium
78,43,42,21.32376327,83.00320459,7.283736617000001,192.3197536,rice,163,54.333333333333336,17.69940685328537,66.839096,Medium
75,54,36,26.29465461,84.56919326,7.023936392,257.4914906,rice,165,55.0,22.2371772741804,75.02287,Medium
97,36,45,22.2286982,81.85872947,6.939083505,278.0791793,rice,178,59.333333333333336,18.19612992424076,78.28196,High
67,47,44,26.73072391,81.78596776,7.868474653,280.4044392,rice,158,52.666666666666664,21.861981239047214,75.43293,Medium
73,35,38,24.88921174,81.97927117,5.005306977,185.9461429,rice,146,48.666666666666664,20.403994384410076,64.67914,Medium
77,36,37,26.88444878,81.46033732,6.136131869,194.5766559,rice,150,50.0,21.900162662810622,65.25699,Medium
81,41,38,22.67846116,83.72874389,7.5240800760000015,200.9133156,rice,160,53.333333333333336,18.988390662849525,67.222404,Medium
68,57,43,26.08867875,80.37979919,5.706943251,182.9043504,rice,168,56.0,20.9700275905742,67.503784,High
72,45,35,25.42977518,82.94682591,5.758506323,195.3574542,rice,152,50.666666666666664,21.093191347858987,66.077576,Medium
61,53,43,26.40323239,81.05635517,6.349606327,223.3671883,rice,157,52.333333333333336,21.401497822398877,69.65088,Medium
67,43,39,26.04371967,84.96907151,5.9999690260000005,186.7536773,rice,149,49.666666666666664,22.12910679026624,65.29508,Medium
67,58,39,25.2827223,80.54372813,5.453592032,220.1156708,rice,164,54.666666666666664,20.363647113174885,70.105415,Medium
66,60,38,22.08576562,83.47038318,6.372576327000001,231.7364957,rice,164,54.666666666666664,18.435073191250705,71.32197,Medium
82,43,38,23.28617173,81.43321641,5.105588355,242.3170629,rice,163,54.333333333333336,18.96267861849514,71.85294,Medium
84,50,44,25.48591986,81.40633547,5.9353444060000005,182.6549356,rice,178,59.333333333333336,20.747153418846956,69.48127,High
81,53,42,23.67575393,81.03569343,5.17782304,233.7034975,rice,176,58.666666666666664,19.185811371955975,73.844826,High
91,50,40,20.82477109,84.1341879,6.462391607000001,230.22422230000004,rice,181,60.333333333333336,17.520752038605476,73.657364,High
93,53,38,26.92995077,81.91411159,7.069172227,290.67937830000005,rice,184,61.333333333333336,22.059429924869864,80.915504,High
90,44,38,23.83509503,83.88387074,7.473134377,241.20135130000003,rice,172,57.333333333333336,19.99380030572137,73.80726,High
81,45,35,26.52872817,80.12267476,6.158376967000001,218.9163567,rice,161,53.666666666666664,21.255526589613602,69.47488,Medium
78,40,38,26.46428311,83.85642678,7.549873681,248.2256491,rice,156,52.0,22.192002188989058,72.44579,Medium
60,51,36,22.69657794,82.81088865,6.028321557999999,256.9964761,rice,147,49.0,18.795237885253865,71.41293,Medium
88,46,42,22.68319059,83.46358271,6.604993475,194.2651719,rice,176,58.666666666666664,18.932203539351587,69.25064,High
93,47,37,21.53346343,82.14004101,6.500343222000001,295.9248796,rice,177,59.0,17.687595692275355,79.53491,High
60,55,45,21.40865769,83.32931909999998,5.935745417000001,287.5766935000001,rice,160,53.333333333333336,17.83968868152678,75.90094,Medium
78,35,44,26.54348085,84.67353597,7.072655622,183.6222657,rice,157,52.333333333333336,22.47530380521481,66.28157,Medium
65,37,40,23.35905428,83.59512273,5.333322606,188.413665,rice,142,47.333333333333336,19.527030093933316,63.50424,Medium
71,54,16,22.61359953,63.69070564,5.7499144210000015,87.75953857,maize,141,47.0,14.402761111260723,48.749893,Medium
61,44,17,26.10018422,71.57476937,6.931756557999999,102.2662445,maize,122,40.666666666666664,18.681146660610132,48.87436,Medium
80,43,16,23.55882094,71.59351368,6.657964753,66.71995467,maize,139,46.333333333333336,16.866587692525606,48.146046,Medium
73,58,21,19.97215954,57.68272924,6.596060648,60.65171481,maize,152,50.666666666666664,11.52048671083903,46.913837,Medium
61,38,20,18.47891261,62.69503871,5.970458434,65.43835393,maize,119,39.666666666666664,11.58536141402657,43.103886,Medium
68,41,16,21.77689322,57.80840636,6.158830619,102.0861694,maize,125,41.666666666666664,12.588874925200889,47.15135,Medium
93,41,17,25.6217169,66.50415474,6.047906679,105.4654703,maize,151,50.333333333333336,17.039506254220733,53.679546,Medium
89,60,19,25.19192419,66.69029010000001,5.913664501,78.06639649,maize,168,56.0,16.80056732408308,53.530804,High
76,44,17,20.41683147,62.55424820000001,5.855442401,65.27798457,maize,137,45.666666666666664,12.771595432319511,46.53487,Medium
67,60,25,24.92162194,66.78627406,5.750254943,109.2162279,maize,152,50.666666666666664,16.644222729045488,53.826584,Medium
70,44,19,23.31689124,73.4541537,5.852607099,94.29712821,maize,133,44.333333333333336,17.127225129491435,48.965645,Medium
90,49,21,24.84016732,68.3584573,6.4725232870000005,74.05474936,maize,160,53.333333333333336,16.980355170690753,52.810978,Medium
62,52,16,22.27526694,58.84015925,6.9670577620000005,63.87020584,maize,130,43.333333333333336,13.106802540858602,43.859276,Medium
92,44,16,18.87751445,65.76816093,6.082973754,94.76189431,maize,152,50.666666666666664,12.415394083060002,51.12225,Medium
66,54,21,25.19008683,60.200168700000006,5.919045532,72.12375573,maize,141,47.0,15.164474767336483,48.070942,Medium
63,58,22,18.25405352,55.28220433,6.204747652999999,63.72358154,maize,143,47.666666666666664,10.091243165433957,44.552887,Medium
70,47,17,24.612911800000006,70.4162444,6.600827017,104.1626147,maize,134,44.666666666666664,17.33148812704444,49.887325,Medium
61,41,17,25.1420613,65.26185135,6.021902237000001,76.68456006,maize,119,39.666666666666664,16.408174671931878,45.405746,Medium
66,53,19,23.09348056,60.11593810000001,6.033550195,65.49730729,maize,138,46.0,13.882862478585134,45.90055,Medium
74,55,19,18.05033737,62.89366992,6.28886807,84.23613484,maize,148,49.333333333333336,11.352519604934209,49.428215,Medium
77,57,21,24.9321581,73.80435276,6.550563822999999,79.74078719,maize,155,51.666666666666664,18.401017914804914,54.24856,Medium
99,50,15,18.14710054,71.09445342,5.573286437,88.07753741,maize,164,54.666666666666664,12.901581940490866,52.673695,Medium
74,56,22,18.28362235,66.65952796,6.829199275,80.97573281,maize,152,50.666666666666664,12.18777635249906,49.857132,Medium
83,45,21,18.83344471,58.75082029,5.716222912,79.75328959999999,maize,149,49.666666666666664,11.064803255988611,48.373264,Medium
100,48,16,25.71895816,67.22190688,5.54990242,74.51490791,maize,164,54.666666666666664,17.288774104821364,53.516056,Medium
79,51,16,25.33797709,68.49835977,6.586244581,96.46380213,maize,146,48.666666666666664,17.356098705548376,52.33195,Medium
94,39,18,23.89114571,57.48775781,5.893093135,102.8301942,maize,151,50.333333333333336,13.734483983799004,51.997074,Medium
75,49,15,21.53574127,71.50905983,5.918263801,102.4852929,maize,139,46.333333333333336,15.400006109598301,50.46932,Medium
78,48,22,23.08974909,63.10459626,5.588650585,70.43473609,maize,148,49.333333333333336,14.570692940691524,49.42455,Medium
87,54,20,25.61707368,63.4711755,6.576418207000001,108.8303762,maize,161,53.666666666666664,16.25945779339711,55.806698,Medium
87,35,25,21.44526922,63.1621551,6.178056304,65.88951188,maize,147,49.0,13.545294206348961,48.67155,Medium
63,43,19,18.51816776,55.53128131,6.641906353,90.988051,maize,125,41.666666666666664,10.283375832263324,44.78862,Medium
84,57,25,22.53510514,67.99257471,6.489040367,64.40866039,maize,166,55.333333333333336,15.322198198291549,52.28837,Medium
64,35,23,23.02038334,61.89472002,5.680361037999999,63.03843397,maize,122,40.666666666666664,14.248401815823724,44.46784,Medium
60,46,22,24.89364635,65.61418761,6.625404347999999,87.9298085,maize,128,42.666666666666664,16.333763819058916,47.47663,Medium
98,44,21,25.77175115,74.089114,6.524478032,107.4931917,maize,163,54.333333333333336,19.09406208931981,57.860325,Medium
75,56,18,19.39851734,62.35750641,5.696205468,60.95197486,maize,149,49.666666666666664,12.096431693735463,48.05761,Medium
86,55,21,21.54156232,59.64024162,6.803931519,109.7515385,maize,162,54.0,12.847439816370876,53.538597,Medium
98,35,18,23.79746068,74.82913698,6.252797547999999,91.76337172,maize,151,50.333333333333336,17.80743444999884,53.462635,Medium
76,57,18,18.9802729,74.52600826,6.092725883,94.26249353,maize,151,50.333333333333336,14.14523974922454,53.36746,Medium
99,56,17,24.10859207,73.13112261,6.234330356,71.07562236,maize,172,57.333333333333336,17.63088402625644,56.162766,High
60,44,23,24.7947077,70.04556743,5.722579819,76.72860067,maize,127,42.333333333333336,17.367593701074906,47.739246,Medium
74,48,17,21.63162756,60.27766379,6.430616465,69.21803098,maize,139,46.333333333333336,13.039039732921779,46.367847,Medium
89,60,17,25.37548751,57.21025565,5.983952675,101.7004306,maize,166,55.333333333333336,14.51738127690482,54.428493,Medium
69,51,23,22.21738222,72.85462807,6.80163854,106.6213157,maize,143,47.666666666666664,16.18639118327131,51.882885,Medium
96,46,22,20.58314011,69.00128641,6.499936446,66.29390357,maize,164,54.666666666666664,14.20263145947269,52.14015,Medium
61,60,15,24.87502824,68.74248334,6.265564338,91.26056654,maize,136,45.333333333333336,17.099712143702295,49.948425,Medium
74,58,18,20.03728219,56.35606753,6.727303282,109.024141,maize,150,50.0,11.292224282173063,51.223114,Medium
74,43,23,25.95263264,61.89082199,6.325235159,99.57981207,maize,140,46.666666666666664,16.06229766894104,49.84876,Medium
63,43,17,19.28889933,65.47050802,6.807487794,71.3195307,maize,123,41.0,12.628540382817375,44.927734,Medium
99,36,20,20.57981887,65.34583901,6.671085817000001,78.34604471,maize,155,51.666666666666664,13.448055307339803,51.334938,Medium
77,36,23,24.71417533,56.73426469,6.648725327,88.45361858,maize,136,45.333333333333336,14.021405647672882,48.2525,Medium
87,60,23,20.27317074,63.91281869,6.439071996,62.50351892,maize,170,56.666666666666664,12.957154857770334,50.075603,High
60,38,17,18.41932981,64.23580251,6.474476516,76.41312437,maize,115,38.333333333333336,11.83180432041716,43.69141,Medium
94,54,17,23.39128187,61.74427165,5.871647806,107.3198135,maize,165,55.0,14.44277662023,55.19521,Medium
95,38,22,19.84939404,61.24500053,5.730617109,100.7689246,maize,155,51.666666666666664,12.156761484999787,51.783882,Medium
84,44,21,21.869274,61.91044947,5.850439831,107.2681929,maize,149,49.666666666666664,13.539365829225849,51.89775,Medium
77,58,19,22.8056033,56.50768935,5.791649933,101.5952794,maize,154,51.333333333333336,12.88691946715735,51.12178,Medium
66,44,20,19.0781471,69.02298571,6.740000687999999,80.72515943,maize,130,43.333333333333336,13.16830674656578,46.739655,Medium
63,35,16,22.02720976,65.35549924,6.272417541,83.73280082,maize,114,38.0,14.395992907290006,45.0956,Medium
79,45,20,23.80546189,59.24537979,5.715208817000001,89.96220140000001,maize,144,48.0,14.103636307494211,48.92412,Medium
72,60,25,18.52510753,69.0276233,5.773454729,88.10234397,maize,157,52.333333333333336,12.787441441728335,51.136448,Medium
67,51,24,23.50297882,61.32026065,5.584171461,64.77791424,maize,142,47.333333333333336,14.412087872938294,46.770702,Medium
86,36,24,26.54986394,72.89187265,5.787268394,73.33636055,maize,146,48.666666666666664,19.352693011893074,50.892307,Medium
76,48,18,19.29563411,69.63481219,5.77597783,83.21030571,maize,142,47.333333333333336,13.436478573368081,49.197754,Medium
75,53,18,20.68899915,59.4375337,6.864793607,103.651438,maize,146,48.666666666666664,12.297030841973966,50.69686,Medium
81,45,23,19.32666088,68.03449300000001,6.192360002999999,84.22969177,maize,149,49.666666666666664,13.14879574353734,50.57322,Medium
73,45,21,24.60532218,73.58868502,6.636803222999999,96.59195302,maize,139,46.333333333333336,18.1067330371964,50.907288,Medium
71,35,24,22.27373646,59.52193158,5.826426917,67.96704792,maize,130,43.333333333333336,13.257758176030713,44.427128,Medium
96,54,22,25.70196694,61.33450447,6.960358276,83.20711308,maize,172,57.333333333333336,15.764174061692222,53.959095,High
99,39,18,19.20129357,68.30578978,6.11275104,87.85092352,maize,156,52.0,13.115595220964858,52.470753,Medium
62,48,20,21.70181447,60.47470519,6.708446922,95.71388473,maize,130,43.333333333333336,13.12410832161326,46.822823,Medium
86,37,16,20.51716779,59.21235483,5.561510732,67.61013737,maize,139,46.333333333333336,12.148698192881268,45.844105,Medium
94,50,19,23.30355338,73.62548442,5.873242491,97.59081274,maize,163,54.333333333333336,17.157354063098285,57.346283,Medium
76,39,24,24.2547451,55.64709899,6.995843776,64.23845455,maize,139,46.333333333333336,13.497062015569178,45.714645,Medium
77,52,17,24.86374934,65.7420046,5.714799723,75.82270467,maize,146,48.666666666666664,16.34592723483527,49.785744,Medium
74,39,23,22.6265115,65.77472881,6.78073637,88.17251033,maize,136,45.333333333333336,14.882526578288461,49.088104,Medium
81,49,20,18.04185513,60.61494304,5.513697923,104.2321615,maize,150,50.0,10.936060210408817,50.387657,Medium
63,42,21,23.26237612,72.33125523,5.798423907999999,67.10225139,maize,126,42.0,16.82596864391977,46.167797,Medium
99,38,21,22.88330922,71.59722446,6.352471866,67.72777298,maize,158,52.666666666666664,16.383814266119277,51.668503,Medium
90,52,25,25.97482359,69.36385721,6.822586546,103.2234212,maize,167,55.666666666666664,18.017139545516997,57.463924,Medium
68,40,19,26.14384005,66.20569924,6.655426355,107.2361366,maize,127,42.333333333333336,17.308712113289666,49.296646,Medium
60,57,24,18.66116213,61.55327249,6.1212940410000005,75.03247667,maize,141,47.0,11.48655597567959,46.75837,Medium
71,52,18,25.10787449,55.97732754,5.790770202999999,78.16077693,maize,141,47.0,14.054717141599404,47.754898,Medium
61,59,17,23.33844615,59.24580604,6.47444292,105.0083144,maize,137,45.666666666666664,13.827050538778847,49.007946,Medium
88,38,15,25.08239719,65.92195844,6.455116637000001,62.49190812,maize,141,47.0,16.534807451347525,47.63383,Medium
65,60,22,25.36768364,72.52054555,6.6069840860000015,107.9124111,maize,147,49.0,18.396782569126096,53.836674,Medium
78,37,22,25.34217103,63.31801994,6.330554389,74.52082026,maize,137,45.666666666666664,16.046160906004303,48.486942,Medium
78,58,15,25.00933355,67.816568,6.5286312660000005,62.91359494,maize,151,50.333333333333336,16.960471693282567,50.58628,Medium
92,60,23,18.66746724,71.516474,5.721667141,69.93293255,maize,175,58.333333333333336,13.350314355153118,54.127678,High
79,59,17,20.37999665,63.73849998,6.644205485,108.5054416,maize,155,51.666666666666664,12.989904160684251,52.61331,Medium
91,55,15,18.09300227,72.61024172,6.376651091,78.96159541,maize,161,53.666666666666664,13.137372682652087,53.914318,Medium
76,51,18,26.16985907,71.96246617,6.247040422,79.84925393,maize,145,48.333333333333336,18.83247597998543,51.22772,Medium
87,48,25,18.65396672,61.37879671,6.656730007999999,93.62039175,maize,160,53.333333333333336,11.449580311419854,50.793884,Medium
71,60,22,26.07470121,59.37147589,6.2048017,85.75692395,maize,153,51.0,15.480934942284689,51.16778,Medium
90,57,24,18.92851916,72.80086137,6.158860284,82.34162918,maize,171,57.0,13.78012499306549,55.61051,High
67,35,22,23.30546753,63.24648023,6.385684213999999,108.7603001,maize,124,41.333333333333336,14.73988791387052,48.275784,Medium
60,54,19,18.74826712,62.49878458,6.417820493,70.23401597,maize,133,44.333333333333336,11.71743907981177,45.635727,Medium
83,58,23,19.74213321,59.66263104,6.381201909,65.50861389,maize,164,54.666666666666664,11.778676096507608,48.35875,Medium
83,57,19,25.73044432,70.74739256,6.877869005,98.73771338,maize,159,53.0,18.20361845050262,57.1293,Medium
40,72,77,17.02498456,16.98861173,7.485996067,88.55123143,chickpea,189,63.0,2.892308523990849,46.573895,High
23,72,84,19.02061277,17.13159126,6.920251378,79.92698081,chickpea,179,59.666666666666664,3.258533634903764,45.020046,High
39,58,85,17.88776475,15.40589717,5.9969320370000005,68.54932919,chickpea,182,60.666666666666664,2.7557706433965077,43.508713,High
22,72,85,18.86805647,15.65809214,6.391173589,88.51048983,chickpea,179,59.666666666666664,2.9543776670998314,45.047947,High
36,67,77,18.36952567,19.56381041,7.152811172000001,79.26357665,chickpea,180,60.0,3.5937791752950825,45.033222,High
32,73,81,20.45078582,15.40312102,5.988992796000002,92.68373702,chickpea,186,62.0,3.1500592893955996,47.341774,High
58,70,84,20.6543203,16.60820843,6.231049027999999,74.6631118,chickpea,212,70.66666666666667,3.4303125652238013,49.636166,High
59,70,84,17.3348681,18.74926979,7.550808267000001,82.61734721,chickpea,213,71.0,3.250161187809647,51.663624,High
42,62,75,18.17912258,18.90426935,7.010570541,81.84997529,chickpea,179,59.666666666666664,3.4366302979898693,44.622913,High
28,74,81,18.01272266,18.30968112,8.753795334,81.98568791,chickpea,183,61.0,3.298072080075982,45.444614,High
58,66,79,20.99373558,19.33470387,8.718192847000001,93.55280105,chickpea,203,67.66666666666667,4.059076605643827,50.900333,High
43,66,79,19.46233971,15.22538951,7.976607593,74.58565097,chickpea,188,62.666666666666664,2.9632170286069037,45.966335,High
58,63,81,19.81344531,14.69765308,6.515499548999999,78.96514709,chickpea,202,67.33333333333333,2.9121114548593305,48.125504,High
23,62,85,18.97424756,19.5161216,8.490127142,80.7108745,chickpea,170,56.666666666666664,3.703037226494633,43.41771,High
27,62,77,18.19737048,14.71070537,6.576415562,70.18185181,chickpea,166,55.333333333333336,2.6769615564001548,41.26398,Medium
28,72,84,18.72963144,19.18197264,6.481783042999999,71.58010169,chickpea,184,61.333333333333336,3.592712778393638,45.486595,High
50,56,76,20.99502153,19.8601304,7.966605025,73.50734019,chickpea,182,60.666666666666664,4.169638653366075,45.51572,High
39,71,84,20.28155898,16.39535215,8.140825437,82.52339655,chickpea,194,64.66666666666667,3.3252330162809485,47.297318,High
25,78,76,17.48042641,15.7559405,7.228963452,66.96980581,chickpea,179,59.666666666666664,2.7542055843058857,43.2694,High
31,70,77,20.88818675,14.32313811,6.492546046,90.46228334,chickpea,178,59.333333333333336,2.9918438368772207,45.6811,High
26,80,83,17.08498521,16.14565756,7.528599957000001,71.31007253,chickpea,189,63.0,2.758483206183247,45.593685,High
25,68,77,20.09340593,15.11279612,7.701446446,85.74904898,chickpea,170,56.666666666666664,3.03667547176489,43.223286,High
31,78,76,17.57212145,14.99927489,8.519975748,89.31050665,chickpea,185,61.666666666666664,2.6356908002901545,46.067127,High
60,68,83,19.12065218,18.43475844,6.620900869,85.52950164,chickpea,211,70.33333333333333,3.524846041535594,50.28396,High
59,62,83,18.57665902,19.22008229,8.104396057999999,72.94940441,chickpea,204,68.0,3.5704491503767075,48.498787,High
22,67,78,17.16606398,14.42457525,6.204090835,72.32667516,chickpea,167,55.666666666666664,2.476131816258245,41.53114,Medium
36,65,80,18.2872007,16.67921616,6.051091339,74.87445574,chickpea,181,60.333333333333336,3.050161734366033,43.523407,High
59,60,84,19.03025305,18.66725565,7.690962337999999,94.70992037,chickpea,203,67.66666666666667,3.5524259876854223,50.36121,High
54,77,85,17.141861399999996,17.0662427,7.8292111439999985,83.74606679,chickpea,216,72.0,2.925471669821617,50.526962,High
43,68,81,17.47809436,17.93253975,6.761599706,78.92060234,chickpea,192,64.0,3.134266218649508,47.566956,High
28,76,82,20.56601874,14.25803981,6.654425315,83.75937135,chickpea,186,62.0,2.93231113928126,46.095016,High
42,79,85,17.22385224,15.82069268,6.129533877,76.57580954,chickpea,206,68.66666666666667,2.724932730547696,47.979836,High
32,60,83,19.69141713,19.44225438,8.829273328,91.76071648,chickpea,175,58.333333333333336,3.828455409441496,45.91257,High
22,78,76,17.84851658,19.09172907,8.621662982,76.32470713,chickpea,176,58.666666666666664,3.4075904284676297,44.20395,High
31,79,75,18.8202251,16.1074793,8.204862075,89.73119396,chickpea,185,61.666666666666664,3.0314638621959045,46.254913,High
28,58,81,17.47500984,16.54314829,6.18042747,93.35034262,chickpea,167,55.666666666666664,2.8909167915232916,43.892582,Medium
57,58,77,18.72649425,17.58406365,7.978996755,81.20176515,chickpea,192,64.0,3.2928786683335898,47.297657,High
49,55,78,18.65580107,16.17772668,7.863113671,81.70769297,chickpea,182,60.666666666666664,3.018084507069115,45.433575,High
46,76,77,18.2356751,19.68538502,6.967843048,83.74879344,chickpea,199,66.33333333333333,3.5897628544312696,49.153492,High
54,61,77,18.81198127,15.21618225,6.206582192999999,77.54294240000002,chickpea,192,64.0,2.8624653548790646,46.542957,High
38,60,76,18.65054116,17.80852431,8.868741443,77.92798682,chickpea,174,58.0,3.3213861564251554,43.91025,High
59,55,79,20.36720401,16.89574311,8.766128654,82.2545577,chickpea,193,64.33333333333333,3.4411904682192187,47.976147,High
36,76,75,18.38120357,16.63805158,8.736337905,70.52056697,chickpea,187,62.333333333333336,3.058274131001401,45.386078,High
57,68,81,17.17012591,17.30457712,8.081095263,72.78624223,chickpea,206,68.66666666666667,2.9712176796970518,48.54461,High
35,66,81,19.37101121,15.77458129,6.138243973,85.24819851,chickpea,182,60.666666666666664,3.0556959100164622,45.446014,High
35,64,78,17.92845928,14.27327988,7.496645259,85.37378769,chickpea,177,59.0,2.5589791712062326,43.912464,High
52,60,79,19.45339934,18.23490739,8.380185271,75.6317566,chickpea,191,63.666666666666664,3.5473093538558715,46.469498,High
27,76,83,19.12829388,14.92241479,6.289614016,89.61857826,chickpea,186,62.0,2.854403355023785,45.8233,High
57,60,84,19.1034283,17.26184541,6.586777189,75.49101167,chickpea,201,67.0,3.297604261156191,48.1612,High
52,68,78,17.48504075,16.96070581,6.89655198,86.05078037,chickpea,198,66.0,2.9655863223661174,48.33799,High
43,79,79,19.40751744,18.98030507,7.8067476560000015,80.25064637,chickpea,201,67.0,3.6836060166254545,48.622284,High
44,74,85,20.18649426,19.63719995,7.150681303,78.26039559,chickpea,203,67.66666666666667,3.9640622407314727,49.423115,High
24,55,78,17.30287885,15.15405941,6.64919573,75.57790384,chickpea,157,52.333333333333336,2.6220885405693246,40.30628,Medium
29,77,75,17.50361137,15.48083156,7.778591617999999,72.9446671,chickpea,181,60.333333333333336,2.709704593106709,44.52496,High
20,60,78,18.17234999,14.70085967,6.358740355,90.7760707,chickpea,158,52.666666666666664,2.671491670771159,42.19484,Medium
56,67,78,17.57445618,16.71826572,8.255450758,77.81891424,chickpea,201,67.0,2.9381442830173614,48.342354,High
37,66,85,20.93175255,18.91295403,6.456148474,78.06910795,chickpea,188,62.666666666666664,3.9588127374548527,46.29368,High
49,71,76,19.71098332,17.63879418,6.613072145,85.57925437,chickpea,196,65.33333333333333,3.476779778668931,48.727806,High
59,69,80,19.07937684,17.86754927,8.165359297,69.40619137,chickpea,208,69.33333333333333,3.4090170572959693,47.709064,High
20,79,77,18.54988627,16.02542689,7.64867466,76.32565249,chickpea,176,58.666666666666664,2.972698462376998,43.78881,High
24,56,85,18.19903647,17.41333199,6.545888558,80.6405403,chickpea,165,55.0,3.1690586395022766,42.42992,Medium
51,72,75,18.88852533,14.99451145,7.1042247970000005,80.11133840000002,chickpea,198,66.0,2.8322420933430004,47.739643,High
57,73,85,18.49311205,14.72115044,7.358099622,91.94595352,chickpea,215,71.66666666666667,2.722398845918268,51.362095,High
22,64,82,19.48974337,17.17260319,6.4740245000000005,87.51312796,chickpea,168,56.0,3.3468962916794336,43.499508,High
52,73,79,17.25769499,18.74943955,7.840339388999999,94.00287214,chickpea,204,68.0,3.235721089873429,50.33408,High
29,75,75,19.62416326,18.71483156,7.064790365,88.4585692,chickpea,179,59.666666666666664,3.672629099168405,45.43287,High
44,59,78,20.67526473,19.85388984,7.599033472,84.78344008,chickpea,181,60.333333333333336,4.104844283622573,46.528675,High
41,69,82,20.02381489,16.63294455,6.715587232000001,68.97806542,chickpea,192,64.0,3.3305500274483437,45.91204,High
52,56,85,20.118744600000007,14.44228303,6.81712422,88.68168643,chickpea,193,64.33333333333333,2.9056060372148425,47.358833,High
34,76,80,20.65691793,15.84572566,7.985417393,65.23811143,chickpea,190,63.333333333333336,3.273238544999151,45.538048,High
42,74,83,19.2582557,14.2804191,7.545258424,65.78042032,chickpea,199,66.33333333333333,2.7501596253096388,46.4024,High
34,71,79,17.927806,15.85622899,7.728998197,74.63872762,chickpea,184,61.333333333333336,2.8426739722429595,45.186848,High
27,73,79,19.16288268,15.83500655,7.354973451,82.69766829,chickpea,179,59.666666666666664,3.0344437275468152,44.96023,High
30,70,79,20.26942271,19.96978871,7.313122235,69.64449182,chickpea,179,59.666666666666664,4.047760887923756,44.26269,High
57,57,75,17.09104223,18.25142068,7.785039076,87.27444866,chickpea,189,63.0,3.1193580159937526,47.379963,High
27,79,82,17.06579293,17.54024066,6.307004922999999,70.87150577,chickpea,188,62.666666666666664,2.9933811504592653,45.40108,High
32,71,85,20.62767492,14.44008871,6.4039823160000005,92.06630306,chickpea,188,62.666666666666664,2.9786545572584213,47.51952,High
31,76,82,20.8248451,17.85057083,7.599279991,79.20509212,chickpea,189,63.0,3.717353724813284,46.675667,High
33,75,84,19.46210401,18.72831993,7.217018459,68.81405149,chickpea,192,64.0,3.6449251041021595,46.159317,High
47,80,77,17.18248372,16.42891834,7.561108006,72.85017344,chickpea,204,68.0,2.8228962191425944,47.956238,High
54,62,80,17.48911699,16.39055394,7.489545074,79.45758333,chickpea,196,65.33333333333333,2.866563153875654,47.485218,High
47,79,78,17.48395377,14.76014523,6.609696734,65.11365631,chickpea,204,68.0,2.58065696839806,46.76217,High
35,57,83,19.48316794,17.44534641,7.476800943,80.4986291,chickpea,175,58.333333333333336,3.398906138775061,44.287693,High
53,73,77,19.71359733,18.09665739,7.325451279,73.64476535,chickpea,203,67.66666666666667,3.5675021680542875,48.379333,High
45,61,78,19.48649305,16.06240074,6.489389282,81.52842690000001,chickpea,184,61.333333333333336,3.129998603863249,46.017887,High
37,78,79,19.95264829,14.82633099,7.786366322,88.6810311,chickpea,194,64.66666666666667,2.958245676745975,46.40803,High
30,75,81,19.41789736,16.80472243,6.4084378860000015,68.4951189,chickpea,186,62.0,3.2631237530902983,44.681873,High
37,55,82,19.45591848,18.02235902,8.423873703,78.44910564,chickpea,174,58.0,3.506415479104127,44.238445,High
53,65,76,20.19137759,16.41998269,8.719960893,77.33795356,chickpea,194,64.66666666666667,3.3154207051505393,47.011345,High
22,60,85,18.8392908,14.74071856,7.811997977000001,94.78189594,chickpea,167,55.666666666666664,2.7770468355279725,43.916325,Medium
60,61,78,20.71219282,19.83643308,6.317153205,94.03659867,chickpea,199,66.33333333333333,4.108560268139865,50.186497,High
42,67,77,18.99424448,15.9362937,7.114405288,78.69707199,chickpea,186,62.0,3.0269785864288377,45.239056,High
39,76,76,19.96837462,15.57324389,8.135900726000001,69.15759062,chickpea,191,63.666666666666664,3.1097236804414603,45.28516,High
35,63,76,17.81564548,17.60756635,7.714153037999999,90.82097601,chickpea,174,58.0,3.136901598571776,45.26617,High
30,65,82,20.71424384,15.27824066,7.103798069,76.77888672,chickpea,177,59.0,3.1647720247744258,43.89347,High
57,56,78,17.34150229,18.75626255,8.861479668,67.9545435,chickpea,191,63.666666666666664,3.2526176996266623,46.42881,High
48,65,78,17.43732714,14.33847406,7.861128148,73.0926704,chickpea,191,63.666666666666664,2.5002466287262397,45.36332,High
36,56,83,18.89780215,19.76182946,7.4526709,69.09512477,chickpea,175,58.333333333333336,3.734551432571214,43.6327,High
40,58,75,18.59190771,14.77959596,7.168096055,89.60982451,chickpea,173,57.666666666666664,2.7478088407940886,44.24351,High
49,69,82,18.31561493,15.36143547,7.26311855,81.78710463,chickpea,200,66.66666666666667,2.8135413684056356,48.135685,High
13,60,25,17.13692774,20.59541693,5.68597166,128.256862,kidneybeans,98,32.666666666666664,3.5294217170458264,36.933,Low
25,70,16,19.63474332,18.90705639,5.759237003,106.3598183,kidneybeans,111,37.0,3.712351991544158,36.872097,Medium
31,55,22,22.91350245,21.33953114,5.873171894,109.225556,kidneybeans,108,36.0,4.889633990582412,37.75896,Medium
40,64,16,16.43340342,24.24045875,5.926676985,140.3717815,kidneybeans,120,40.0,3.9835323772461892,40.739372,Medium
2,61,20,22.13974653,23.02251117,5.95561668,76.64128258,kidneybeans,83,27.666666666666668,5.0971256178789375,30.134563,Low
26,65,22,17.84806561,18.77621951,5.9499490810000015,143.09841709999995,kidneybeans,113,37.666666666666664,3.351191977222421,40.496384,Medium
17,57,21,19.88394011,20.31564139,5.789214288999999,60.91974792,kidneybeans,95,31.666666666666668,4.039549966949972,30.418213,Low
26,80,18,19.32509638,23.3334788,5.581021521,104.7783947,kidneybeans,124,41.333333333333336,4.509217266906868,39.542744,Medium
17,59,17,18.416700100000003,23.42829938,5.689858133,132.9801054,kidneybeans,93,31.0,4.31471963534476,37.262096,Low
27,59,22,21.81167649,23.20591245,5.794158503999999,130.0608093,kidneybeans,108,36.0,5.061598550146632,39.747696,Medium
28,58,24,19.72702528,18.28173015,5.748190462999999,143.7630894,kidneybeans,110,36.666666666666664,3.606441528311882,40.283463,Medium
25,57,19,17.15432954,19.87070659,5.566522896,87.99669731,kidneybeans,101,33.666666666666664,3.408686490375097,32.81972,Low
28,80,17,19.62207826,18.67170854,5.809419584,144.1567454,kidneybeans,125,41.666666666666664,3.663777262197903,42.703373,Medium
25,60,22,21.63149148,21.17919701,5.887263027,134.3649948,kidneybeans,107,35.666666666666664,4.581376196750565,39.293232,Low
12,78,23,16.06522754,18.72479695,5.99812453,88.06638775,kidneybeans,113,37.666666666666664,3.00818123642048,34.657055,Medium
6,77,25,20.61162204,24.36314135,5.792744849,69.63833855,kidneybeans,108,36.0,5.0216386121329535,33.99015,Medium
22,79,17,21.42451099,20.39659714,5.912289889,116.5206923,kidneybeans,118,39.333333333333336,4.369871195845326,39.07786,Medium
27,80,15,19.07096165,21.21092266,5.7883869510000014,86.21917578,kidneybeans,122,40.666666666666664,4.04512692609976,36.847324,Medium
10,55,23,21.18853178,19.63438599,5.728233081,137.1948633,kidneybeans,88,29.333333333333332,4.160238115299018,36.45855,Low
23,65,20,23.0429097,22.42610972,5.833940084,108.3684316,kidneybeans,108,36.0,5.167628212002523,37.14277,Medium
19,78,16,20.65375833,23.10538637,5.967533236,67.71768947,kidneybeans,113,37.666666666666664,4.772130662072559,34.344666,Medium
19,65,25,18.09551014,18.29318436,5.6250964460000015,144.7902323,kidneybeans,109,36.333333333333336,3.310245030792694,40.366432,Medium
22,70,19,18.23775702,21.07643273,5.515615023,69.44951585,kidneybeans,111,37.0,3.843868589781153,33.116764,Medium
37,64,22,17.48189735,18.8251973,5.954665349,121.9401369,kidneybeans,123,41.0,3.2910016679209715,39.896458,Medium
11,71,17,19.9191786,21.47324158,5.74644777,82.68554379,kidneybeans,99,33.0,4.277293341529662,32.98796,Low
18,79,20,20.27514686,23.2353604,5.877347515,139.7521543,kidneybeans,117,39.0,4.7110034445502835,40.145588,Medium
21,63,17,15.77370214,19.2303162,5.979973965,108.3441414,kidneybeans,101,33.666666666666664,3.033332797968167,34.80754,Low
24,80,22,16.71170642,19.17651433,5.635993966,96.77285817,kidneybeans,126,42.0,3.2047227764188295,37.85229,Medium
34,60,22,17.66148158,18.15302753,5.635231778,100.6711761,kidneybeans,116,38.666666666666664,3.206093613423279,36.54575,Medium
16,75,21,18.50692825,23.61670065,5.679224346,87.05132890000002,kidneybeans,112,37.333333333333336,4.370725844312783,35.35305,Medium
17,77,23,24.51324787,20.81527638,5.670062975,64.19497947,kidneybeans,117,39.0,5.102500293854963,34.72718,Medium
37,72,18,18.87614998,24.54038287,5.724242065,105.4120514,kidneybeans,127,42.333333333333336,4.632279476207429,40.14623,Medium
40,73,20,21.59343016,20.31871249,5.811314232000001,61.13872036,kidneybeans,133,44.333333333333336,4.387506990939347,36.65818,Medium
9,77,17,20.12373284,24.45202552,5.783425416,106.158201,kidneybeans,103,34.333333333333336,4.92066028961342,36.416924,Low
1,62,23,15.43546065,18.37477907,5.607808432000001,139.0302034,kidneybeans,86,28.666666666666668,2.8362317928742855,34.57617,Low
33,59,22,22.64236876,21.59396123,5.946999529,122.3886015,kidneybeans,114,38.0,4.889384331588032,39.82039,Medium
23,59,19,21.98560799,24.87304788,5.852046999,129.5650601,kidneybeans,101,33.666666666666664,5.4684908020618055,38.66575,Low
6,62,22,20.53052663,18.09224048,5.824090984,120.4509288,kidneybeans,90,30.0,3.7144322497100406,35.04596,Low
25,63,20,15.78601387,21.14544088,5.502999119,95.17028129,kidneybeans,108,36.0,3.3380222301894498,34.789425,Medium
7,79,23,19.6365349,19.68751084,5.821649914,96.65888933,kidneybeans,109,36.333333333333336,3.8659449370378836,35.50885,Medium
8,72,17,20.57341244,19.7520218,5.711439256,87.87869161,kidneybeans,97,32.333333333333336,4.0636649101527125,32.850216,Low
27,64,15,20.16080524,24.84207559,5.514927264,138.2362122,kidneybeans,106,35.333333333333336,5.00836247727348,39.898773,Low
28,66,23,21.53989176,24.25386207,5.99616119,120.6913038,kidneybeans,117,39.0,5.224255637497696,40.098225,Medium
32,57,18,15.53834801,23.75560241,5.695422862999999,107.3850593,kidneybeans,107,35.666666666666664,3.6912281743377475,36.665947,Low
27,56,22,19.91853092,20.70099804,5.833010957999999,108.6434544,kidneybeans,105,35.0,4.123334695345994,36.50228,Low
17,77,24,20.76952209,18.93146941,5.568456899,109.0193712,kidneybeans,118,39.333333333333336,3.931975721071542,37.759308,Medium
0,65,15,23.46168338,23.22197648,5.645435626,95.84253438,kidneybeans,80,26.666666666666668,5.448266596315668,31.766228,Low
13,72,21,24.32116642,21.0278674,5.821194486,60.27552528,kidneybeans,106,35.333333333333336,5.114222624930928,32.321095,Low
34,60,23,20.12574053,24.96969858,5.659254981,100.0497183,kidneybeans,117,39.0,5.025336747333895,38.130104,Medium
9,80,19,21.80619564,18.57086554,5.945465949,125.0972687,kidneybeans,108,36.0,4.049599271693742,38.391853,Medium
11,72,20,19.52226241,24.92607153,5.9511774520000005,113.334026,kidneybeans,103,34.333333333333336,4.8661330925909025,37.39934,Low
3,67,24,17.00067625,19.90790546,5.520880013999999,103.2926407,kidneybeans,94,31.333333333333332,3.384478555410673,34.372868,Low
35,69,23,16.78791503,24.96881755,5.578410206,75.45328039,kidneybeans,127,42.333333333333336,4.191743874289728,37.107273,Medium
3,77,25,24.84906168,22.89464642,5.608165195,62.21292186,kidneybeans,105,35.0,5.689104810323712,33.132298,Low
23,62,19,16.51783455,20.4555596,5.609435127999999,98.77794225,kidneybeans,104,34.666666666666664,3.378815491004642,34.071434,Low
22,71,17,18.15300153,19.38602098,5.509295379,107.6907964,kidneybeans,110,36.666666666666664,3.5191446851055215,36.54891,Medium
31,79,25,23.18864385,22.3104551,5.902033406,63.38208822,kidneybeans,135,45.0,5.173491974453161,37.762352,Medium
34,59,18,23.38002569,21.98879437,5.744117663,87.66898664,kidneybeans,111,37.0,5.140985772627274,36.46329,Medium
12,63,17,18.358923,19.37703396,5.717143397,138.414764,kidneybeans,92,30.666666666666668,3.5574147444002504,36.18627,Low
27,56,20,19.25975367,20.51346956,5.542690119,94.9533526,kidneybeans,103,34.333333333333336,3.9508437064264323,34.30739,Low
7,63,24,22.95458237,24.03553105,5.858617867,107.7315386,kidneybeans,94,31.333333333333332,5.517255772939176,35.4586,Low
24,67,22,20.120043,22.89845607,5.618844277000001,104.6252153,kidneybeans,113,37.666666666666664,4.60717920762011,37.738537,Medium
11,71,24,21.14011423,22.7182355,5.6066203460000015,141.6056722,kidneybeans,106,35.333333333333336,4.802660935740411,40.558872,Low
37,74,15,24.92360104,18.22590825,5.582178402,62.7089169,kidneybeans,126,42.0,4.5425526581464455,36.27883,Medium
25,76,24,15.33042636,24.91506728,5.56503533,135.3315583,kidneybeans,125,41.666666666666664,3.8195860419048553,41.769165,Medium
34,66,17,18.81097271,21.27833035,5.889614577000001,125.084915,kidneybeans,117,39.0,4.002660915282148,39.73993,Medium
20,69,15,23.44260668,22.77255917,5.934136378,107.4137246,kidneybeans,104,34.666666666666664,5.338481477193373,37.050583,Low
37,65,16,22.8352024,18.97267518,5.683548308,63.59276673,kidneybeans,118,39.333333333333336,4.3324487780475645,34.285248,Medium
18,74,15,24.9035819,22.27512704,5.70836603,146.4727237,kidneybeans,107,35.666666666666664,5.547304505735445,41.89887,Low
4,67,25,23.78709569,24.35679348,5.948164454,119.6404412,kidneybeans,96,32.0,5.793773772103282,37.526737,Low
37,56,25,22.05592283,19.60379304,5.774755143999999,126.7265372,kidneybeans,118,39.333333333333336,4.323797464655311,40.442707,Medium
5,59,15,18.87492997,20.18238348,5.97229163,134.1811718,kidneybeans,79,26.333333333333332,3.8094107481268487,34.216522,Low
11,61,21,18.62328774,23.02410338,5.532100554,135.33780330000002,kidneybeans,93,31.0,4.2878450220124655,37.140385,Low
22,80,20,23.00884744,18.86880997,5.669560726,100.118612,kidneybeans,122,40.666666666666664,4.341495699740809,38.15964,Medium
12,61,19,19.33162606,24.13995025,5.655726817000001,68.51253427,kidneybeans,92,30.666666666666668,4.666644913400035,31.533401,Low
5,74,21,16.24469193,21.35793891,5.591704013999999,66.97053257,kidneybeans,100,33.333333333333336,3.4695313785271,30.782213,Low
27,69,22,17.91652287,24.90814655,5.932323085,69.14681022,kidneybeans,118,39.333333333333336,4.462673773123867,35.08539,Medium
31,75,18,15.46789263,21.43780702,5.824208308999999,88.88796102,kidneybeans,124,41.333333333333336,3.315976972080203,37.147934,Medium
36,68,20,17.06104474,23.77201471,5.86442953,81.83420522,kidneybeans,124,41.333333333333336,4.055754065272481,36.72613,Medium
5,65,16,21.32776028,18.48522915,5.866744372,109.1013261,kidneybeans,86,28.666666666666668,3.942485360320681,32.79492,Low
32,79,15,23.90910104,20.74619325,5.706198621,81.60211243,kidneybeans,126,42.0,4.96022830609616,37.87009,Medium
11,78,22,23.89756791,22.74378977,5.940546818,112.6616435,kidneybeans,111,37.0,5.435212605593382,38.44656,Medium
0,55,22,22.98666928,20.57940608,5.916779289,143.85849380000005,kidneybeans,77,25.666666666666668,4.730520015397812,35.86532,Low
14,59,15,21.35135729,22.91244883,5.779090476,146.4548645,kidneybeans,88,29.333333333333332,4.892118813581725,39.349922,Low
29,68,23,24.1638445,19.27907819,5.82738029,116.7324324,kidneybeans,120,40.0,4.658566474865014,39.98951,Medium
32,68,19,24.62835037,18.18325169,5.514234138,149.7441028,kidneybeans,119,39.666666666666664,4.4782349348721455,43.456924,Medium
17,64,17,21.02213209,24.93896255,5.662699104,124.6118471,kidneybeans,98,32.666666666666664,5.242701649136632,37.874496,Low
13,69,19,17.30844532,20.01730914,5.86390397,115.199245,kidneybeans,101,33.666666666666664,3.464685007032262,35.61319,Low
14,67,22,23.82576704,24.75485098,5.624690247999999,84.64143632,kidneybeans,103,34.333333333333336,5.898033125593956,34.9056,Low
9,69,20,19.30607278,23.96362799,5.591560999,129.3449326,kidneybeans,98,32.666666666666664,4.626435460477851,37.89526,Low
20,73,22,16.03768615,22.33195853,5.976312537999999,130.3900798,kidneybeans,115,38.333333333333336,3.5815294201895536,39.47556,Medium
40,78,20,19.18572809,20.83398341,5.669236258,80.15293435,kidneybeans,138,46.0,3.99715140735831,39.28284,Medium
27,72,23,19.92889503,21.79992115,5.961934481,64.02640797,kidneybeans,122,40.666666666666664,4.344483402606269,35.202213,Medium
14,67,15,19.56376468,24.67385131,5.690065688,139.2921004,kidneybeans,96,32.0,4.827134207781497,38.43852,Low
7,56,18,18.31357543,24.32991649,5.698371311,76.14153904,kidneybeans,81,27.0,4.4556776084521585,29.29305,Low
27,65,18,20.10993761,23.22323766,5.59503163,73.36386477,kidneybeans,110,36.666666666666664,4.670178604448023,35.01556,Medium
30,63,16,23.60506572,21.90539577,5.5259045260000015,100.5978728,kidneybeans,109,36.333333333333336,5.1707830677346,37.010395,Medium
37,70,25,19.73136909,24.89487354,5.819403771,84.06354115,kidneybeans,132,44.0,4.912099382666149,39.050995,Medium
27,63,19,20.93409877,21.1893007,5.562201934,133.1914419,kidneybeans,109,36.333333333333336,4.4357891372103015,39.55105,Medium
22,60,24,18.78226261,20.24768314,5.630664753,104.2570723,kidneybeans,106,35.333333333333336,3.802973019795494,35.808277,Low
3,72,24,36.51268371,57.92887167,6.03160778,122.6539694,pigeonpeas,99,33.0,21.151385689638893,43.677395,Low
40,59,23,36.89163721,62.73178224,5.269084669,163.7266551,pigeonpeas,122,40.666666666666664,23.14278151934801,52.524597,Medium
33,73,23,29.23540524,59.38967583,5.985792703,103.3301803,pigeonpeas,129,43.0,17.362812399622833,47.56095,Medium
27,57,24,27.33534897,43.35795962,6.09186275,142.33036769999995,pigeonpeas,108,36.0,11.852049568398686,45.958675,Medium
10,79,18,21.0643684,55.46985938,5.624731337999999,184.6226709,pigeonpeas,107,35.666666666666664,11.684375530765156,51.48194,Low
30,75,25,30.33276599,42.35249879,6.446091759,149.299952,pigeonpeas,130,43.333333333333336,12.84668434888828,49.22776,Medium
40,70,20,31.80130272,45.03186173,5.623490042999999,147.03614419999997,pigeonpeas,130,43.333333333333336,14.32071866920913,49.05462,Medium
38,55,19,33.18184225,38.23184742,5.864623352000001,198.8298806,pigeonpeas,112,37.333333333333336,12.686031300165096,50.017544,Medium
35,58,20,29.38538562,63.47742011,5.761702519,90.05422663,pigeonpeas,113,37.666666666666664,18.65308468095093,46.014874,Medium
38,61,21,30.27374995,67.38680755,4.696518678,127.7767134,pigeonpeas,120,40.0,20.40051361697472,49.725864,Medium
33,58,24,35.45790488,68.75810535,5.269504214,108.6333046,pigeonpeas,115,38.333333333333336,24.38018359229319,46.790398,Medium
16,56,17,33.80020039,40.03262418,7.445444882999999,176.6165894,pigeonpeas,89,29.666666666666668,13.531107194215595,44.201286,Low
31,72,17,28.69180475,49.47225353,5.833031707999999,96.36222901,pigeonpeas,120,40.0,14.194482388252585,44.99252,Medium
16,80,20,31.24021696,56.67369054,7.3393209289999986,122.0146733,pigeonpeas,116,38.666666666666664,17.704983883934997,46.826477,Medium
27,72,17,28.98039357,57.23265151,6.347929353,120.7435664,pigeonpeas,116,38.666666666666664,16.586247658144547,47.133846,Medium
40,62,19,27.32198928,34.13737127,4.697750704,96.51524028,pigeonpeas,121,40.333333333333336,9.3270089188632,41.39644,Medium
18,58,16,21.47607807,38.80023714,4.962661422,180.382234,pigeonpeas,92,30.666666666666668,8.332769219531535,45.20729,Low
3,68,16,18.31910448,34.69776639,4.964887857,107.4721605,pigeonpeas,87,29.0,6.356320077210424,36.245766,Low
26,67,24,36.97794384,37.73992903,5.642813116,161.48129630000005,pigeonpeas,117,39.0,13.955449761969257,46.61143,Medium
16,70,20,24.80467592,40.1242747,5.6093956,121.5639121,pigeonpeas,106,35.333333333333336,9.952696304585553,42.483913,Low
24,63,19,19.3479443,55.96805489,4.681576043,194.5921148,pigeonpeas,106,35.333333333333336,10.828668085910627,51.825443,Low
9,76,25,28.88302142,50.12323801,5.70951224,179.2155874,pigeonpeas,110,36.666666666666664,14.47710557082588,50.583477,Medium
16,55,19,19.54314136,47.19188279,6.413543781,192.4372194,pigeonpeas,90,30.0,9.222776364095212,47.98238,Low
28,75,21,24.7741949,50.54621094,6.007508163,114.2821387,pigeonpeas,124,41.333333333333336,12.522416812840722,46.409714,Medium
16,71,24,18.33124824,38.40975482,4.946369874,139.64833169999997,pigeonpeas,111,37.0,7.040987504429567,42.751343,Medium
24,70,21,19.14729038,45.3733757,5.517208078,132.7748215,pigeonpeas,115,38.333333333333336,8.687772000487357,45.0904,Medium
38,72,21,28.23416057,49.4421345,5.902103172,186.5008581,pigeonpeas,131,43.666666666666664,13.959571643965367,54.93675,Medium
9,66,21,30.11812084,34.13307843,5.719889876,157.0858232,pigeonpeas,96,32.0,10.280241807959374,42.790924,Low
34,56,17,33.4126864,35.42910045,4.548202098,139.6702541,pigeonpeas,107,35.666666666666664,11.83781422769949,42.650684,Low
1,76,19,24.18553163,46.68746847,6.6695294160000005,177.3377996,pigeonpeas,96,32.0,11.291612454058127,47.323143,Low
6,69,19,26.88630675,41.69617915,4.7509292180000005,94.46748008,pigeonpeas,94,31.333333333333332,11.210562629298543,38.05503,Low
26,73,21,31.33170829,57.97429171,4.946263888,161.7820226,pigeonpeas,120,40.0,18.164335961770856,52.09453,Medium
27,61,18,33.30711818,67.07780816,5.266227032,108.5090168,pigeonpeas,106,35.333333333333336,22.341684836404887,45.85986,Low
27,71,23,23.45379018,46.48714759,7.10959773,150.87122019999995,pigeonpeas,121,40.333333333333336,10.902998056425526,48.935406,Medium
36,61,21,34.53823889,39.04468913,5.617008201,168.5948318,pigeonpeas,118,39.333333333333336,13.485348005577263,47.827904,Medium
17,73,18,19.50112224,34.51086611,5.632353113,197.3752649,pigeonpeas,108,36.0,6.730006186193833,48.620296,Medium
26,72,22,28.76794904,37.57792132,4.674941549,91.72084869,pigeonpeas,120,40.0,10.810397255628896,41.426483,Medium
17,64,16,30.97758716,32.24914235,7.161797643,180.716828,pigeonpeas,97,32.333333333333336,9.990006179823721,44.54134,Low
14,74,19,18.39759147,36.82639309,6.624966131,93.12330644,pigeonpeas,107,35.666666666666664,6.775169353834509,38.322544,Low
39,60,15,35.09357419,30.98685456,5.004074623999999,116.9106908,pigeonpeas,114,38.0,10.874394794160999,41.201664,Medium
6,66,15,34.93174223,30.40046769,6.3458060110000005,159.2649827,pigeonpeas,87,29.0,10.619413010185236,42.841568,Low
8,59,18,29.50523036,35.72032498,6.216814453,187.8961851,pigeonpeas,85,28.333333333333332,10.539364170689623,44.863514,Low
2,67,18,34.51934775,47.52980027,5.921666758,129.0064612,pigeonpeas,87,29.0,16.406977040081742,40.02389,Low
1,76,17,28.43430726,52.10010827,6.012719118,147.0414824,pigeonpeas,94,31.333333333333332,14.814304868284472,45.88911,Low
16,73,19,18.41645629,34.80541039,4.684079249,163.27474730000003,pigeonpeas,108,36.0,6.409923191029468,45.486828,Medium
23,75,25,31.07508973,47.19847683,7.077170002000001,91.31256412,pigeonpeas,123,41.0,14.666969026115758,42.987152,Medium
32,70,20,20.89342749,46.24856523,6.208843215,195.5697875,pigeonpeas,122,40.666666666666664,9.6629104414954,52.416924,Medium
28,59,22,30.90607799,52.79913039,7.05181629,170.99198280000005,pigeonpeas,109,36.333333333333336,16.318140416375194,50.42463,Medium
5,62,23,27.9348279,66.45457122,4.722222454,145.3728801,pigeonpeas,90,30.0,18.56397010198993,46.97007,Low
36,67,25,35.95176642,36.52780776,6.418062652000001,136.0456753,pigeonpeas,128,42.666666666666664,13.132392124221836,44.175415,Medium
1,66,23,19.54317155,56.92831399,4.803564468,173.1686574,pigeonpeas,90,30.0,11.125598063588349,46.954906,Low
24,73,20,19.63736208,32.31528909,4.608695247,176.4134092,pigeonpeas,117,39.0,6.345870325802037,47.15577,Medium
17,67,18,31.2192752,56.46868874,5.611510977000001,129.20286529999998,pigeonpeas,102,34.0,17.62911533957201,45.586685,Low
5,55,18,33.50876355,45.70976142,7.322097972000001,126.6738117,pigeonpeas,78,26.0,15.316775873496923,39.30261,Low
5,56,24,24.80710166,45.01110015,5.023115055,188.4928637,pigeonpeas,85,28.333333333333332,11.165949372494913,46.588535,Low
37,77,17,36.20970524,31.94550613,5.617122801,191.0658531,pigeonpeas,131,43.666666666666664,11.56737360709913,50.987324,Medium
13,73,20,30.50420876,35.48885969,5.391560417999999,162.59277230000004,pigeonpeas,106,35.333333333333336,10.825595846381088,45.917236,Low
6,63,23,26.01630259,49.94704718,5.906596905,160.33374469999995,pigeonpeas,92,30.666666666666668,12.99437492911886,47.1908,Low
16,77,22,31.48469278,35.6395615,6.574209678,100.546816,pigeonpeas,115,38.333333333333336,11.22100644641416,40.07303,Medium
25,64,20,33.15122581,32.45974539,4.807776748999999,105.03802749999998,pigeonpeas,109,36.333333333333336,10.760803491589966,39.862133,Medium
34,75,24,23.50222822,51.29019509,4.760038038999999,192.3023991,pigeonpeas,133,44.333333333333336,12.054338704535033,55.170773,Medium
20,77,23,34.87248659,38.83786012,5.180271502,148.25027859999997,pigeonpeas,120,40.0,13.543727562189959,44.653904,Medium
35,80,25,28.09269012,44.93322042,4.895927306,197.1144011,pigeonpeas,140,46.666666666666664,12.622950373527162,57.18021,Medium
14,75,24,24.54757829,57.3414485,6.436160044,118.3606557,pigeonpeas,113,37.666666666666664,14.075936963157531,46.11703,Medium
36,80,21,33.64769646,48.41490082,7.066087261,100.4673278,pigeonpeas,137,45.666666666666664,16.290498869323653,46.587612,Medium
7,77,18,20.5591255,60.54880693,6.655918077999999,191.0895109,pigeonpeas,102,34.0,12.448305205491398,52.22371,Low
29,78,25,19.95991719,59.33157782,5.982854522999999,195.787103,pigeonpeas,132,44.0,11.842533800392408,55.567802,Medium
30,60,21,28.87667593,62.4901206,5.457871272999999,182.2688175,pigeonpeas,111,37.0,18.04506961392817,53.946552,Medium
20,74,16,36.04353699,43.61444121,4.759490199,159.8938645,pigeonpeas,110,36.666666666666664,15.720187250508154,46.744034,Medium
19,57,23,23.6734328,47.2879691,7.342409555,141.12507219999995,pigeonpeas,99,33.0,11.194685587373264,45.16464,Low
3,60,19,25.74679443,40.7192594,4.820788186000001,100.7791633,pigeonpeas,82,27.333333333333332,10.48390401113645,35.975956,Low
5,77,19,31.08564994,66.68832981,6.242052013,175.9303271,pigeonpeas,101,33.666666666666664,20.730500755569263,50.48926,Low
5,68,20,18.72987676,61.33186249,5.001038726,139.8710041,pigeonpeas,93,31.0,11.487382258989667,43.41629,Low
37,73,21,29.50304807,63.46513414,5.560224582999999,189.5208915,pigeonpeas,131,43.666666666666664,18.72414903301418,57.15819,Medium
9,59,24,20.43517772,39.37252634,4.747352458,137.22796619999997,pigeonpeas,92,30.666666666666668,8.045845730432811,40.248734,Low
20,72,15,36.00415838,56.01334416,7.313517308,134.8596466,pigeonpeas,107,35.666666666666664,20.16713314530088,46.152084,Low
31,56,23,31.46846241,35.39454002,5.661826398,174.5723999,pigeonpeas,110,36.666666666666664,11.138117521386107,47.642815,Medium
0,70,21,36.30049702,56.03021253,4.672437054,101.6073988,pigeonpeas,91,30.333333333333332,20.339245629752316,40.258938,Low
21,74,15,29.49096726,67.10604388,6.471862118,153.2504506,pigeonpeas,110,36.666666666666664,19.790221430132036,51.21564,Medium
13,67,18,30.5753044,34.75591197,5.384762927000001,177.5764304,pigeonpeas,98,32.666666666666664,10.626725881823536,45.18073,Low
27,74,20,24.69487673,59.96669215,5.8598134160000015,91.95792434,pigeonpeas,121,40.333333333333336,14.808700705501087,45.547707,Medium
29,72,24,23.17409556,36.67847052,6.962386495,162.5931264,pigeonpeas,125,41.666666666666664,8.49990380825123,48.684048,Medium
5,68,20,19.04380471,33.10695144,6.12166671,155.3705624,pigeonpeas,93,31.0,6.304823177668133,41.948593,Low
39,57,19,29.32379604,45.93248374,6.421748487,165.4113371,pigeonpeas,115,38.333333333333336,13.469147848023765,50.45075,Medium
22,62,16,34.6455408,54.32342534,4.828936119,180.9009998,pigeonpeas,100,33.333333333333336,18.820644490127236,49.014046,Low
18,55,23,21.9989826,56.31006755,6.98571967,136.82743119999998,pigeonpeas,96,32.0,12.387641962372747,44.771893,Low
39,77,21,22.99774444,60.24218572,4.603563116,159.689339,pigeonpeas,137,45.666666666666664,13.854343916955775,55.704365,Medium
13,75,20,30.55992394,35.29006485,6.979540061,178.8998611,pigeonpeas,108,36.0,10.784616976536675,46.81886,Medium
27,71,24,31.46417866,48.17631461,7.064973419,165.40535400000005,pigeonpeas,122,40.666666666666664,15.158281700694083,51.125313,Medium
26,64,22,25.95058595,40.58227261,5.16516459,109.1821183,pigeonpeas,112,37.333333333333336,10.531337534121358,42.180122,Medium
23,55,16,21.01142393,69.69141302,5.111488821,185.2039114,pigeonpeas,94,31.333333333333332,14.643158232439413,51.885868,Low
4,69,19,19.25100056,47.70351758,5.374358869,149.063196,pigeonpeas,92,30.666666666666668,9.1834044364655,43.669407,Low
20,67,19,19.24462755,50.54495302,5.671419084,180.6465282,pigeonpeas,106,35.333333333333336,9.727187954021478,49.08819,Low
7,74,17,22.47253208,62.56532471,5.667419697000001,96.74706956,pigeonpeas,98,32.666666666666664,14.060012666410916,42.000862,Low
17,64,18,36.75087487,58.25799145,6.07938452,124.6028153,pigeonpeas,99,33.0,21.410321539564798,43.776646,Low
35,71,17,29.89286629,66.35375127,6.931924962999999,198.1403003,pigeonpeas,123,41.0,19.83503814554028,56.995106,Medium
11,72,22,29.37735586,44.82294584,6.842744374,172.40168,pigeonpeas,105,35.0,13.167796306351867,48.312637,Low
20,60,22,29.65052947,42.89833235,6.876572502999999,186.9226052,pigeonpeas,102,34.0,12.71958267557529,49.044743,Low
10,71,18,19.54284889,66.34777265,6.151029296,173.11069819999997,pigeonpeas,99,33.0,12.966244950870246,50.07331,Low
33,61,24,20.04611791,48.93905624,4.567446499,122.4564203,pigeonpeas,118,39.333333333333336,9.810380917911612,45.79773,Medium
3,49,18,27.91095209,64.70930606,3.692863601,32.67891866,mothbeans,70,23.333333333333332,18.060983412178064,32.825726,Low
22,59,23,27.32220619,51.27868781,4.371745575,36.5037914,mothbeans,104,34.666666666666664,14.010468814974594,35.67773,Low
36,58,25,28.66024187,59.3189118,8.399135957999999,36.92629678,mothbeans,119,39.666666666666664,17.00094359653197,40.05978,Medium
4,43,18,29.02955344,61.09387478,8.840656256,72.98016599,mothbeans,65,21.666666666666668,17.73527902782678,35.375134,Low
29,54,16,27.78031515,54.65030015,8.153022903,32.05025323,mothbeans,99,33.0,15.182025612090921,35.573868,Low
32,43,22,31.99928579,54.1077461,5.270749441,71.6266696,mothbeans,97,32.333333333333336,17.314092309066577,38.435074,Low
14,55,15,27.33580911,55.27755933,8.050304395,73.44775287,mothbeans,84,28.0,15.110568099115797,35.779232,Low
5,35,20,28.92952635,53.57014709,9.679240873,66.35634104,mothbeans,60,20.0,15.497589818135307,31.94632,Low
25,57,24,27.65472156,58.59986279,6.974978386,36.94255012,mothbeans,106,35.333333333333336,16.205628889116547,38.26794,Low
11,53,24,28.52396666,55.77264351,7.39389918,61.32935611,mothbeans,88,29.333333333333332,15.908570240193052,36.00959,Low
40,49,17,31.02215872,45.89239456,6.68727523,53.56783314,mothbeans,106,35.333333333333336,14.236811480811845,36.74606,Low
38,56,25,25.74095321,45.38497051,7.88118645,67.43488235,mothbeans,119,39.666666666666664,11.6825240233514,39.362724,Medium
27,43,23,31.70447482,56.85420099,5.875333778,44.94317432,mothbeans,93,31.0,18.02532583698674,36.124603,Low
24,38,22,24.47876451,58.51663927,8.202706015,34.96933295,mothbeans,84,28.0,14.324150326069484,33.731503,Low
23,45,21,31.46511256,51.79939437,8.985348193,74.44330654,mothbeans,89,29.666666666666668,16.298737743918807,36.59533,Low
29,57,20,25.60973447,50.7330069,5.87707519,53.39249517,mothbeans,106,35.333333333333336,12.992588355736778,37.458687,Low
31,35,23,30.30260453,47.18283631,7.707595055,68.04039813,mothbeans,89,29.666666666666668,14.297628293056544,35.72047,Low
0,55,25,28.17489437,43.6672299,4.524171562,45.78172762,mothbeans,80,26.666666666666668,12.303195898630058,31.830956,Low
7,45,22,25.50634557,44.8302551,9.926212291,74.32635105,mothbeans,74,24.666666666666668,11.43455978571855,33.58333,Low
17,58,25,31.12896766,43.58788762,6.455592696,32.76742894,mothbeans,100,33.333333333333336,13.568459440906942,33.002884,Low
11,44,17,26.34043268,55.59160391,8.016210782,35.1051197,mothbeans,72,24.0,14.643069003645799,31.499598,Low
22,49,22,28.23494706,61.5620517,3.71105919,72.66666443,mothbeans,93,31.0,17.382012706544828,39.538292,Low
9,51,19,27.04453473,49.32609633,5.49091063,48.25207759,mothbeans,79,26.333333333333332,13.340013252920105,32.97525,Low
28,48,15,25.16125354,55.25435777,9.254089438,40.89732789,mothbeans,91,30.333333333333332,13.902689050408389,34.60819,Low
26,50,19,27.3179125,51.66921088,6.005242945,32.55919573,mothbeans,95,31.666666666666668,14.11494981763888,34.613243,Low
36,56,20,25.4123765,49.66474269,7.437078236,31.87416982,mothbeans,112,37.333333333333336,12.620991400139028,37.698574,Medium
8,60,18,31.21629982,46.01868196,3.808429173,53.1205277,mothbeans,86,28.666666666666668,14.365329733845854,32.32591,Low
24,37,21,30.573999,58.22686794,5.818219385,62.74803826,mothbeans,82,27.333333333333332,17.80228202170692,36.389538,Low
22,43,24,25.42517036,53.22082660000001,4.52363558,46.19374559,mothbeans,89,29.666666666666668,13.5314858300502,34.820686,Low
36,43,24,27.09400578,43.65305437,3.510404312,41.53749535,mothbeans,103,34.333333333333336,11.827361074154341,35.23877,Low
22,44,24,24.30935081,56.32938343,6.030447288,58.99536268,mothbeans,90,30.0,13.693307427108712,36.4662,Low
17,43,22,30.06142622,45.90067655,5.498340807999999,41.0550915,mothbeans,82,27.333333333333332,13.798398015559092,31.248968,Low
8,45,15,28.09568993,60.98353839999999,4.61136408,33.84110759,mothbeans,68,22.666666666666668,17.13374585720648,32.041607,Low
7,56,23,26.33908791,40.00933429,5.545219232000001,55.50429227,mothbeans,86,28.666666666666668,10.538093730848873,32.452267,Low
36,57,16,28.61409059,57.14218792,8.292875733999999,57.02891698,mothbeans,109,36.333333333333336,16.350717416536835,40.790005,Medium
11,45,19,28.70012137,44.359648,3.828031463,44.11622138,mothbeans,75,25.0,12.731272815304779,30.17257,Low
6,36,22,24.21610338,59.79236306,8.869532817,42.24783476,mothbeans,64,21.333333333333332,14.47938045195453,31.713448,Low
17,57,20,28.50677929,45.20094476,3.793575185,66.1761456,mothbeans,94,31.333333333333332,12.88533355972802,35.547318,Low
4,47,20,25.97948991,64.95585424,4.193189124,72.19245835,mothbeans,71,23.666666666666668,16.875199598235106,36.433403,Low
9,49,16,30.88482722,41.36561835,7.661537347999999,55.053805,mothbeans,74,24.666666666666668,12.775699755882112,30.230028,Low
25,51,24,25.5042419,61.66852372,9.392694614,65.07981523,mothbeans,100,33.333333333333336,15.728089465707681,39.910915,Low
36,44,21,25.12528913,51.33189406,4.516154055,38.48678973,mothbeans,101,33.666666666666664,12.897286798480295,35.787403,Low
21,38,20,27.10508014,63.56791363,5.794289715,62.20279647,mothbeans,79,26.333333333333332,17.23013393273748,37.367706,Low
37,57,20,31.1006247,44.82069159,7.354286985,70.79934452,mothbeans,114,38.0,13.939515079350365,39.42653,Medium
32,48,18,26.45707778,56.40226277,5.993513566,64.16167699,mothbeans,98,32.666666666666664,14.922390530738882,39.283634,Low
29,44,20,30.04132304,63.56222995,8.620107545,31.83192392,mothbeans,93,31.0,19.094934830707132,36.064667,Low
25,51,18,27.77799528,54.82130787,9.45949344,50.28438729,mothbeans,94,31.333333333333332,15.228260312562869,36.115623,Low
10,44,24,30.99256944,43.02151392,8.0344125,58.27600682,mothbeans,78,26.0,13.333472575795264,31.400686,Low
23,35,18,26.4908332,47.36534833,5.414492777,36.99362831,mothbeans,76,25.333333333333332,12.547475420699286,30.549898,Low
9,60,23,31.96987867,57.17377029,6.2760043360000015,64.25520357,mothbeans,92,30.666666666666668,18.278384992777507,37.195366,Low
3,58,21,25.36140526,46.82652785,9.160691747,55.60523179,mothbeans,82,27.333333333333332,11.875865497225266,33.11468,Low
22,42,22,25.54249137,56.96640758,7.887658711,48.46797044,mothbeans,86,28.666666666666668,14.550639739920527,35.271454,Low
12,39,21,28.99319096,62.85948245,8.183844843,70.4713043,mothbeans,72,24.0,18.224969783196187,36.72356,Low
39,36,22,29.34317422,60.50320928,9.072011412,34.03335472,mothbeans,97,32.333333333333336,17.75356210772161,37.107815,Low
32,41,16,28.63618921,61.39451307,7.702287236,68.54877876,mothbeans,89,29.666666666666668,17.581048927283383,39.357445,Low
30,41,15,24.83206631,44.17085032,5.88509677,52.0810886,mothbeans,86,28.666666666666668,10.968534841153247,32.603687,Low
19,36,22,25.44689075,58.55363573,6.16496284,57.04826619,mothbeans,77,25.666666666666668,14.900079714366065,35.73852,Low
4,46,15,31.01274943,62.40392519,3.504752314,63.77192383,mothbeans,65,21.666666666666668,19.353172953659353,33.929806,Low
21,39,20,27.06179658,52.3003173,7.388007482999999,60.74583498,mothbeans,80,26.666666666666668,14.153405478420547,34.27342,Low
35,57,25,27.0956288,42.26206161,8.340398059,71.12710390000002,mothbeans,117,39.0,11.451171337072905,39.140278,Medium
22,55,24,28.56800579,57.30636014,8.66077954,64.53027638,mothbeans,101,33.666666666666664,16.371284282833454,39.101334,Low
35,51,17,28.79929247,49.84213387,3.558822825,40.85534718,mothbeans,103,34.333333333333336,14.35418190651023,36.16402,Low
17,56,17,27.94293692,45.41393636,5.9565851,69.66289997,mothbeans,90,30.0,12.689987589963746,35.368355,Low
28,57,17,30.47757686,61.58245338,9.416003106,61.86633917,mothbeans,102,34.0,18.768839561163166,39.414127,Low
22,36,16,30.58139475,50.77148138,8.18422855,64.58559639,mothbeans,74,24.666666666666668,15.526627141240546,33.16264,Low
11,41,19,26.85911286,41.81420849,5.131779302,44.13827124,mothbeans,71,23.666666666666668,11.2309254498448,29.842493,Low
38,38,18,26.31051759,61.18749126,6.294130312999999,35.73403813,mothbeans,94,31.333333333333332,16.098745650842012,36.53221,Low
23,37,24,28.77833449,44.2252605,7.991902443,33.95825723,mothbeans,84,28.0,12.727293395763844,31.042164,Low
25,35,20,28.90245417,43.35365671,8.923095695,71.90018566,mothbeans,80,26.666666666666668,12.53027076162688,33.774864,Low
40,45,20,29.37687468,57.69622912,6.878498176,38.34303462,mothbeans,105,35.0,16.94934892366807,37.67596,Low
23,58,19,24.17093241,58.25204566,5.243634848999999,59.18953429,mothbeans,100,33.333333333333336,14.080062583920938,37.603294,Low
2,56,23,26.65333029,59.79023382,7.550090941,36.91852635,mothbeans,81,27.0,15.936088501207882,33.939556,Low
3,56,17,28.19912143,53.50567601,8.709291687999999,52.13580529,mothbeans,76,25.333333333333332,15.088130550002282,33.037415,Low
26,51,25,28.76488954,52.62741529,7.792508067999999,55.21606732,mothbeans,102,34.0,15.13821787592557,37.459354,Low
39,42,20,29.3499706,61.25353851,8.055908857999999,40.82840673,mothbeans,101,33.666666666666664,17.977895544144676,38.239647,Low
27,59,20,28.00937423,52.60950014,4.397698806,36.01203025,mothbeans,106,35.333333333333336,14.735591774744973,36.644314,Low
24,45,19,26.85851927,48.8246387,5.9523849570000005,34.7426459,mothbeans,88,29.333333333333332,13.113574993747378,32.50778,Low
7,40,17,31.2123945,40.92604945,8.532078732999999,53.78769958,mothbeans,64,21.333333333333332,12.77400000759908,28.975443,Low
15,45,23,24.20422636,61.43378674,7.224193642,46.0203959,mothbeans,83,27.666666666666668,14.869572804069264,34.91952,Low
26,52,23,29.98835437,49.60384796,4.931890506,52.92929636,mothbeans,101,33.666666666666664,14.875377707400817,36.67284,Low
20,45,16,29.93964907,54.61813464,4.626212446,45.43669946,mothbeans,81,27.0,16.35247783979611,32.98757,Low
34,54,24,31.2119298,41.55934359,5.026003659,68.80141783,mothbeans,112,37.333333333333336,12.971473146651599,37.77073,Medium
19,51,25,26.80474415,48.23991436,3.5253661,43.87801983,mothbeans,95,31.666666666666668,12.930585622377112,34.73356,Low
29,41,21,31.49398069,62.84916863,8.86979671,64.56807592,mothbeans,91,30.333333333333332,19.79370503215774,38.890247,Low
20,50,22,30.99694676,46.42693735,9.406887533,38.31597852,mothbeans,92,30.666666666666668,14.390933052678056,32.859764,Low
11,40,23,29.61253065,63.04749127,5.80428611,50.1978269,mothbeans,74,24.666666666666668,18.669957676384826,34.64089,Low
15,54,15,29.97604322,57.03184356,8.35495812,44.86052932,mothbeans,84,28.0,17.095890074708386,34.097153,Low
35,55,22,30.88883074,52.62696801,8.634929739,55.51932414,mothbeans,112,37.333333333333336,16.255855072202845,39.278973,Medium
9,59,25,30.39321309,60.16299493,7.699200949,35.37493212,mothbeans,93,31.0,18.2854672504008,35.293106,Low
40,45,18,30.43683729,55.20522037,5.261285926,30.92014047,mothbeans,103,34.333333333333336,16.802723099602836,35.85457,Low
35,38,19,25.32688786,63.18180319,9.112771682,32.71129281,mothbeans,92,30.666666666666668,16.0019844418572,36.58212,Low
14,58,17,30.53684308,59.96664731,4.605700542,33.48919022,mothbeans,89,29.666666666666668,18.31192098939174,34.37602,Low
40,55,18,30.38257873,40.5926071,7.115994051,47.95406479,mothbeans,113,37.666666666666664,12.33308081071707,36.416637,Medium
18,36,23,24.01825377,53.76623369,7.214078621,35.03404425,mothbeans,77,25.666666666666668,12.913710450235435,31.249144,Low
35,52,15,28.69841277,61.14754363,9.93509073,65.67591794,mothbeans,102,34.0,17.548374469653243,40.692085,Low
4,59,22,29.33743412,49.00323081,8.914074888,42.44054315,mothbeans,85,28.333333333333332,14.376290555555293,32.24197,Low
22,51,16,27.96583691,61.34900107,8.639586199,70.10472076,mothbeans,89,29.666666666666668,17.156761585150356,38.742985,Low
33,47,17,24.86803974,48.27531965,8.621514073,63.9187654,mothbeans,97,32.333333333333336,12.005125675174028,36.604725,Low
2,51,17,25.87682261,45.96341933,5.838508699,38.53254678,mothbeans,70,23.333333333333332,11.893872485514551,29.999771,Low
16,51,21,31.01963639,49.97675220000001,3.532008668,32.81296548,mothbeans,88,29.333333333333332,15.502606811971328,31.997923,Low
19,55,20,27.43329405,87.80507732,7.18530147,54.73367631,mungbean,94,31.333333333333332,24.087825052025458,43.939533,Low
8,54,20,28.3340432,80.77275974,7.034214276,38.7976407,mungbean,82,27.333333333333332,22.88618863856381,38.57649,Low
36,55,20,27.01470397,84.34262707,6.635968697999999,55.296354,mungbean,111,37.0,22.784911023481587,45.723026,Medium
10,56,16,28.17432665,81.04554836,6.828187498999998,36.35720652,mungbean,82,27.333333333333332,22.834037530230116,38.505466,Low
22,56,17,29.87888063,87.32761241,6.89077995,44.75215854,mungbean,95,31.666666666666668,26.092513069012966,42.24189,Low
9,57,24,29.89232778,89.71503316,7.165121108999998,42.99498978,mungbean,90,30.0,26.81791178012289,41.02735,Low
34,59,23,28.56212158,83.24855855,6.935804256,56.48265193,mungbean,116,38.666666666666664,23.777554506648485,45.317646,Medium
31,51,25,27.53592929,85.57019009999998,7.196774236,53.01899249,mungbean,107,35.666666666666664,23.56254703925457,45.385414,Low
0,49,18,29.68361658,87.93598094,6.990095452,41.82490236,mungbean,67,22.333333333333332,26.102579418091477,37.8721,Low
21,39,20,28.14448546,82.1193047,7.064782137999999,46.75690086,mungbean,80,26.666666666666668,23.112055771144597,40.297504,Low
28,35,22,29.53037621,86.73346018,7.156563094,59.87232071,mungbean,85,28.333333333333332,25.612717091104543,42.67797,Low
17,52,17,27.88352946,86.45147631,6.364967184,44.64407105,mungbean,86,28.666666666666668,24.105722865503772,41.08656,Low
24,42,23,28.22471276,82.35916228,6.428054409,44.01206619,mungbean,89,29.666666666666668,23.24563698507227,40.51731,Low
28,46,16,29.008124,84.96089355,6.664187809,45.91011391,mungbean,90,30.0,24.645561352492,41.799595,Low
21,38,21,29.75538903,86.45193297,6.637677489,37.54602719,mungbean,80,26.666666666666668,25.724108979178332,39.350758,Low
34,60,25,29.78416743,85.16906976,6.79385576,40.77872823,mungbean,119,39.666666666666664,25.3668983358919,44.327057,Medium
19,53,22,27.8640132,80.4513142,6.852884642999999,42.83053902,mungbean,94,31.333333333333332,22.416964808261472,41.073013,Low
31,58,15,27.11026483,84.96771717,7.121571293,51.52617423,mungbean,104,34.666666666666664,23.034973144792378,44.521503,Low
19,35,24,27.11030369,83.64274107,6.883308033,49.11964582,mungbean,78,26.0,22.675801118717356,40.619476,Low
24,53,17,28.95451232,89.07866095,6.421271178,57.65901369,mungbean,94,31.333333333333332,25.792291859258782,44.16051,Low
13,47,20,29.21780035,87.93724219,6.54450214,43.1386631,mungbean,80,26.666666666666668,25.69332785637017,39.853252,Low
31,53,16,28.7420098,85.81675947,6.452006451,48.54598575,mungbean,100,33.333333333333336,24.665461416909828,43.482307,Low
28,45,23,29.65021184,80.29868321,6.489259136,56.76278363,mungbean,96,32.0,23.80872967649551,42.210266,Low
31,37,21,27.23924995,86.404241,6.713410626,37.31236904,mungbean,89,29.666666666666668,23.53586717339038,40.787262,Low
33,60,15,28.95172351,81.67085323,6.510840928,56.51103293,mungbean,108,36.0,23.645119615407506,44.08574,Medium
34,45,21,28.18837136,82.60629652,6.2873801170000005,37.01110438,mungbean,100,33.333333333333336,23.285369629800357,41.165775,Low
13,57,25,28.30041493,86.20681554,6.86308576,50.47333854,mungbean,95,31.666666666666668,24.396886495759716,42.292477,Low
33,57,17,27.89636126,88.71782287,6.78415271,57.79863368,mungbean,107,35.666666666666664,24.7490443698221,45.899784,Low
32,57,22,28.6899851,87.50436797,6.769415887999999,44.56598352,mungbean,111,37.0,25.104990132442175,44.70953,Medium
23,59,25,27.826262300000003,88.73100226,6.320768488,56.68833819,mungbean,107,35.666666666666664,24.69052143028653,45.14572,Low
35,41,18,28.70562673,81.59200689,6.705008503999999,59.87065439,mungbean,94,31.333333333333332,23.42149693935928,42.70359,Low
6,48,24,28.6362812,84.61431076,6.790736339,48.48319335,mungbean,78,26.0,24.230391964675455,40.025455,Low
29,36,25,28.28511547,88.4393979,7.130278657000001,48.56690235,mungbean,90,30.0,25.015185816987756,42.71897,Low
4,36,22,27.60887393,86.13316408,7.012740397000001,43.80041104,mungbean,62,20.666666666666668,23.780396682767247,37.013966,Low
10,59,22,28.60901145,86.99495766,7.1556850160000005,36.94616965,mungbean,91,30.333333333333332,24.88839739787205,40.48228,Low
14,48,21,29.24598976,84.80084105,6.991242362,53.43228915,mungbean,83,27.666666666666668,24.80084528987688,41.174854,Low
8,50,21,28.62911222,89.11480590000002,6.218923893,50.49913241,mungbean,79,26.333333333333332,25.512777785746188,40.780632,Low
20,40,15,29.57329479,88.07505524,7.199495367999999,45.04467075,mungbean,75,25.0,26.046695722580537,39.173782,Low
36,43,22,27.82684262,87.16679147,6.3898821660000005,58.37249772,mungbean,101,33.666666666666664,24.25576587926049,44.7333,Low
14,57,15,29.8757015,83.14796296,6.623438282,40.12044158,mungbean,86,28.666666666666668,24.84103721726017,39.17088,Low
11,60,23,27.33684386,88.50229102,7.033012777000001,51.09802625,mungbean,94,31.333333333333332,24.193733108660197,43.318146,Low
10,59,15,29.83040388,89.30428305,6.32400451,58.86687093,mungbean,84,28.0,26.639828315953377,41.431995,Low
7,60,25,28.2753171,82.76020821,6.397636709,56.04995423,mungbean,92,30.666666666666668,23.40071130399773,41.661343,Low
2,47,15,29.86860065,85.99127934,6.401455706,58.41394143,mungbean,64,21.333333333333332,25.684391819890557,38.03583,Low
20,45,22,29.5888162,89.9939693,6.904587016,54.96121262,mungbean,87,29.0,26.628150167261428,42.702633,Low
2,39,15,28.07219563,82.9116472,6.478557136,49.61865305,mungbean,56,18.666666666666668,23.275119802039416,36.28203,Low
27,40,24,27.84026517,89.99615558,7.063022095,52.84626009,mungbean,91,30.333333333333332,25.055168356277754,43.555603,Low
35,48,15,27.10818093,87.45126690000002,6.981758362000001,55.03723979,mungbean,98,32.666666666666664,23.70644765682921,44.507626,Low
4,59,25,27.68515114,81.94268594,6.227134139,54.62243308,mungbean,88,29.333333333333332,22.68595645066453,41.337803,Low
1,48,24,29.34594634,85.60472562,6.232836962,59.03629954,mungbean,73,24.333333333333332,25.121516844949433,39.782288,Low
36,43,21,28.36319404,84.8593608,7.140437859,52.93031105,mungbean,100,33.333333333333336,24.0688251648077,43.72337,Low
11,46,24,27.65280218,89.80650642,6.459252023,56.52558045,mungbean,81,27.0,24.8340155650916,41.578957,Low
34,47,19,27.31372793,85.44815232,6.568795403999999,53.15223123,mungbean,100,33.333333333333336,23.339075845896783,44.269554,Low
21,44,18,27.06909959,86.89934108,7.12851089,50.46746116,mungbean,83,27.666666666666668,23.522869179998985,41.63961,Low
17,58,20,28.06642822,85.91625451,6.42937879,39.23831035,mungbean,95,31.666666666666668,24.113623901361663,41.748913,Low
25,40,21,27.73329078,81.13903037,6.248900919,44.17580911,mungbean,86,28.666666666666668,22.50252322858461,39.919064,Low
2,38,18,27.53632932,89.92908171,6.619891497999999,45.48591922,mungbean,58,19.333333333333332,24.76316809411749,37.21795,Low
9,48,20,29.66461594,84.28187572,6.377568542000001,56.09542002,mungbean,77,25.666666666666668,25.00189473936611,40.22024,Low
37,49,25,29.914544300000006,85.85384444,6.415459592,41.39081525,mungbean,111,37.0,25.682786328256892,43.869526,Medium
36,38,15,28.36363858,87.59810657,6.3206620120000006,57.99524359,mungbean,89,29.666666666666668,24.846010350438032,43.6119,Low
40,58,15,29.46416042,87.60890009,6.978400282000001,43.15411472,mungbean,113,37.666666666666664,25.813226864715126,44.542904,Medium
30,44,16,29.73013036,82.89166381,6.442335592999999,50.91511275,mungbean,90,30.0,24.643799708285943,41.46054,Low
1,59,23,27.46852989,87.17649,7.184398832,43.78420984,mungbean,83,27.666666666666668,23.94610021270286,40.64424,Low
9,48,22,27.77076285,87.09979549,6.402926221,49.50812624,mungbean,79,26.333333333333332,24.188277648362895,40.679466,Low
14,41,17,29.12939524,88.48312598,7.085982325,36.45012824,mungbean,72,24.0,25.774599487421323,37.69323,Low
35,52,19,27.10606808,89.89593328,6.698574085,37.45680611,mungbean,106,35.333333333333336,24.367252876028175,43.368095,Low
31,48,17,28.88078945,86.94206817,6.594739424,53.79732545,mungbean,96,32.0,25.109555651653167,43.974545,Low
4,41,20,28.14720892,83.8001509,6.647965508,37.44800463,mungbean,65,21.666666666666668,23.587403549098262,35.46546,Low
30,37,25,29.89129144,80.14487166,7.120032489,54.7960127,mungbean,92,30.666666666666668,23.956337162104568,41.55434,Low
9,35,20,27.41503453,80.98004661,6.91380932,40.53173216,mungbean,64,21.333333333333332,22.200707740541592,35.87335,Low
20,41,20,29.27308605,89.4875022,7.073048264,50.9246554,mungbean,81,27.0,26.195753523001642,41.926132,Low
37,50,23,29.65296893,88.48587386,6.5304707,56.01913159,mungbean,110,36.666666666666664,26.23868868314479,45.84285,Medium
34,35,21,28.44524991,82.67639542,6.684381357,58.18713162,mungbean,90,30.0,23.5175072937988,42.632095,Low
14,37,15,27.96235681,83.97586797,6.581351374,48.9366954,mungbean,66,22.0,23.481631836065905,37.908283,Low
23,39,22,29.25649321,81.97952224,6.86483915,42.02483277,mungbean,84,28.0,23.984333357736038,39.30894,Low
5,45,21,28.36291385,88.00989267,6.487124217000001,43.05130077,mungbean,71,23.666666666666668,24.96217003746957,38.28467,Low
22,37,20,27.62749466,86.49366929,6.605733067999999,39.26137642,mungbean,79,26.333333333333332,23.896033864332807,39.684616,Low
40,51,17,28.66086349,86.12194568,6.860602782000001,50.01534317,mungbean,108,36.0,24.683293286276754,44.630096,Medium
27,56,20,29.2114218,87.11497805,6.41874299,51.53848218,mungbean,103,34.333333333333336,25.447523689162917,43.991325,Low
31,40,22,29.40889385,86.16063492,6.365513634,53.35486977,mungbean,93,31.0,25.338889664108834,43.121788,Low
38,36,21,28.02952623,84.8845732,6.5563729660000005,36.12042927,mungbean,95,31.666666666666668,23.79274371031755,41.686466,Low
6,37,17,28.08657178,80.35005927,6.760694227999999,38.14476781,mungbean,60,20.0,22.567577072141095,34.810932,Low
6,47,18,29.16174608,80.28038146,6.715276662999999,40.16545979,mungbean,71,23.666666666666668,23.411160993420598,36.472225,Low
24,44,17,29.8596912,80.03499648,6.666380512000001,50.66487502,mungbean,85,28.333333333333332,23.898202800858872,40.055683,Low
25,59,19,29.06631494,83.6869203,6.626629798,43.95183726,mungbean,103,34.333333333333336,24.32470381798479,41.79703,Low
32,56,21,27.38538997,88.66663953,6.702772465,58.29933073,mungbean,109,36.333333333333336,24.281705008584673,45.851124,Medium
8,45,18,27.93034941,85.42058715,7.011030515,43.25095608,mungbean,71,23.666666666666668,23.85826845906856,37.924225,Low
19,39,17,29.2808618,81.8009244,6.890156495,44.47427436,mungbean,75,25.0,23.952015624686478,37.994698,Low
39,37,15,28.9973145,83.78911515,6.821747052,59.84499208,mungbean,91,30.333333333333332,24.29659323681265,42.55596,Low
33,37,19,27.92678579,86.5543196,7.183189922,43.4826194,mungbean,89,29.666666666666668,24.171839426683988,41.67562,Low
26,54,17,28.5474135,88.9570454,6.27258822,49.4897245,mungbean,97,32.333333333333336,25.394935587720727,43.66187,Low
21,51,15,29.36488409,89.1886954,6.679127482,48.30159325,mungbean,87,29.0,26.190157025593162,42.088528,Low
22,54,20,28.56149805,83.63802195,6.689825155,41.013132,mungbean,96,32.0,23.888272008307823,41.336964,Low
29,45,16,28.43683487,87.91332682,6.583381939,43.12063289,mungbean,90,30.0,24.99976757652682,41.540142,Low
4,40,21,28.79728147,80.45744422,6.725551062,44.30070517,mungbean,65,21.666666666666668,23.169556675601648,35.63035,Low
10,37,22,28.7275267,89.12760359,7.069747813999999,58.52974279,mungbean,69,23.0,25.604156118387408,39.874985,Low
4,44,19,27.95639663,83.52706038,6.921993877999999,43.25726752,mungbean,67,22.333333333333332,23.351156293212384,36.64407,Low
20,45,17,28.17458662,83.69659318,6.770955317,37.2464655,mungbean,82,27.333333333333332,23.58116914348811,39.015827,Low
23,45,23,28.77653519,86.69133979,6.983130466,56.12443206,mungbean,91,30.333333333333332,24.946763901351822,43.12264,Low
25,48,21,28.438097,83.48991368,6.267684328,52.55469976,mungbean,94,31.333333333333332,23.74294263753467,42.575138,Low
56,79,15,29.48439992,63.19915325,7.454532137,71.89090748,blackgram,150,50.0,18.63389109028368,50.89778,Medium
25,62,21,26.73433965,68.13999721,7.040056094,67.15096376,blackgram,108,36.0,18.216778291621925,43.513824,Medium
42,61,22,26.27274407,62.28814857,7.418650668,70.23207557,blackgram,125,41.666666666666664,16.364805859737466,44.8193,Medium
42,73,25,34.03679184,67.21113844,6.501869314,73.23573601,blackgram,140,46.666666666666664,22.876515284117023,47.814278,Medium
44,58,18,28.03644051,65.06601664,6.814410927999999,72.49507741,blackgram,120,40.0,18.2421950475003,45.50075,Medium
50,55,16,28.81460716,65.33538112,7.581442888,62.26242533,blackgram,121,40.333333333333336,18.826133406216808,44.39384,Medium
35,72,21,34.03619494,64.28791388,7.741418772,66.85510868,blackgram,128,42.666666666666664,21.88115969105612,44.38548,Medium
30,64,20,33.8642935,61.57072498,6.573531614,68.02199825,blackgram,114,38.0,20.850491017305018,41.823463,Medium
27,64,21,32.84213012,68.68401492,7.543804222999999,73.67166182,blackgram,112,37.333333333333336,22.55729355166661,43.901512,Medium
50,74,17,27.10053268,63.36085585,6.5408208,73.84949872,blackgram,141,47.0,17.171129445956943,48.406193,Medium
39,73,24,25.65842532,61.18235808,7.22405917,69.28607828,blackgram,136,45.333333333333336,15.698429656971784,46.15318,Medium
57,67,25,32.34744009,66.61452812,7.551364319,64.55882254,blackgram,149,49.666666666666664,21.548094574853202,49.092236,Medium
52,63,19,29.58949031,68.32176769,6.928898659,67.53021213,blackgram,134,44.666666666666664,20.21606283025326,46.852253,Medium
55,66,22,30.91219459,68.79427388,7.747775262999999,66.63830637,blackgram,143,47.666666666666664,21.26581980856314,48.981308,Medium
51,56,18,28.12787838,64.2097765,6.706505915,70.86340755,blackgram,125,41.666666666666664,18.060847841989823,45.736355,Medium
36,66,15,30.08545364,69.34811988,6.668238556,67.1367443,blackgram,117,39.0,20.86369645670902,44.2773,Medium
59,55,19,31.74379487,62.51007687,7.332375138,68.97097538,blackgram,133,44.333333333333336,19.843070574692113,45.831062,Medium
50,58,23,27.81326852,62.50460464,7.596802025,69.75555541,blackgram,131,43.666666666666664,17.38457352588758,46.740826,Medium
30,65,25,32.88733849,64.59457409,7.70650895,71.50569456,blackgram,120,40.0,21.243436227152134,43.591816,Medium
20,62,18,29.36358721,64.98742947,7.366542647,61.91208707,blackgram,100,33.333333333333336,19.082640527960688,40.54184,Low
58,71,15,27.82592799,67.58618829999999,6.919243702,74.01229707,blackgram,144,48.0,18.8064840875438,50.043194,Medium
25,71,24,28.49538735,60.44848407,7.187721817999999,74.91559514,blackgram,120,40.0,17.225029682949547,43.902668,Medium
52,71,16,27.74274761,68.53997144,7.0758864720000005,71.78615328,blackgram,139,46.333333333333336,19.01487128856528,48.766468,Medium
40,63,18,30.41588462,67.66323804,6.74441168,63.02473185,blackgram,121,40.333333333333336,20.580372412402347,44.07128,Medium
20,60,25,27.3254209,69.09047809,6.726469087999999,61.19250859,blackgram,105,35.0,18.879263939914782,41.716663,Low
48,61,21,30.28496619,61.69295127,6.628264883,65.62859526,blackgram,130,43.333333333333336,18.683689433732674,44.896122,Medium
49,68,22,28.56840626,61.53278622,7.127064207,63.49726331,blackgram,139,46.333333333333336,17.578936350426897,46.767593,Medium
48,62,15,25.36586097,66.6379724,7.538631462000001,65.81655892,blackgram,125,41.666666666666664,16.90329543221097,45.48292,Medium
32,66,17,34.9466155,65.26774011,7.162357641,70.1415139,blackgram,115,38.333333333333336,22.808866181780978,43.134384,Medium
21,63,22,25.09737391,67.72837887,6.859409487000001,74.61649888,blackgram,106,35.333333333333336,16.998044488185336,42.33827,Low
20,72,19,32.47648301,64.34848735,7.397190844,65.82045699999999,blackgram,111,37.0,20.898125561414748,42.18788,Medium
25,65,21,33.86351172,68.59232289,6.880245789,69.24464096,blackgram,111,37.0,23.227769300875394,43.037384,Medium
41,78,21,25.19857725,60.37332688,6.581313137,70.88787207,blackgram,140,46.666666666666664,15.213219412251815,47.003716,Medium
53,67,17,31.77681682,69.01852894,7.296972161,61.46892873,blackgram,137,45.666666666666664,21.931891513122487,47.00931,Medium
39,60,21,34.89814946,63.59948557,6.97297656,64.72797143,blackgram,120,40.0,22.19504353000973,42.961987,Medium
25,76,17,31.74105409,68.63525428,7.241148507,62.3061735,blackgram,118,39.333333333333336,21.785553185823836,43.481564,Medium
21,78,19,27.16159076,66.76017239,6.92009048,69.85112265,blackgram,118,39.333333333333336,18.133124815242308,44.35687,Medium
57,60,17,26.23773129,67.88521396,7.504608385,73.58663968,blackgram,134,44.666666666666664,17.811540024466368,48.235245,Medium
56,75,15,30.20157245,60.06534859,7.152272256,66.37171179,blackgram,146,48.666666666666664,18.140679771753902,47.74132,Medium
49,72,15,31.55846339,67.83563765,7.137004749,74.86960831,blackgram,136,45.333333333333336,21.407884873148305,48.24843,Medium
24,80,19,29.67892453,69.0854554,6.8080417220000005,65.66436565,blackgram,123,41.0,20.503820169372812,44.593758,Medium
49,76,18,27.05365239,67.7017527,7.393631868,60.4693835,blackgram,143,47.666666666666664,18.31579683739544,48.799477,Medium
28,68,19,34.63880966,61.38597868,7.69950698,72.43169115,blackgram,115,38.333333333333336,21.26337231289338,42.324486,Medium
55,78,21,33.39438752,62.93692886,6.602888248999999,63.57445989,blackgram,154,51.333333333333336,21.01740191669512,49.343315,Medium
50,64,25,28.84079155,63.37230676,6.734447425,70.25496749,blackgram,139,46.333333333333336,18.277074893078158,48.037132,Medium
34,80,19,31.49338309,63.0563645,6.521217963,71.48327008,blackgram,133,44.333333333333336,19.858582434611762,45.855267,Medium
20,68,23,25.54960633,63.95425534,7.707332484,63.1830529,blackgram,111,37.0,16.340060470653004,42.073982,Medium
55,67,16,34.37329112,69.69366426,6.596719015,70.27184748,blackgram,138,46.0,23.95600610828519,47.97966,Medium
23,70,15,34.600824700000004,63.11296779,7.403623355,60.41790253,blackgram,108,36.0,21.83760734798537,40.69653,Medium
53,74,15,29.43463808,64.94329356,7.517097,72.17818157,blackgram,142,47.333333333333336,19.115823416617946,48.015545,Medium
26,67,16,29.10713092,67.90577375,7.17620823,67.83345933,blackgram,109,36.333333333333336,19.765422467651494,43.264515,Medium
33,80,22,28.57006111,65.71765781,6.593961761,70.0866434,blackgram,135,45.0,18.775574996377692,46.66775,Medium
37,79,19,27.54384835,69.3478631,7.143942758,69.40878198,blackgram,135,45.0,19.101070246229607,46.562107,Medium
33,75,21,33.04687968,68.93875631,6.690655045,62.30278274,blackgram,129,43.0,22.78210785065411,45.015842,Medium
22,55,20,33.95309131,69.96100028,7.423530351,61.16350463,blackgram,97,32.333333333333336,23.753922306457753,41.414623,Low
20,68,17,30.11873003,60.11680815,6.578714842999999,71.72980375,blackgram,105,35.0,18.106419149351538,40.601425,Low
43,68,20,29.57812712,66.17587668,7.497469256,69.43895491,blackgram,131,43.666666666666664,19.573584927184836,46.520584,Medium
44,76,22,27.26458947,68.01232937,7.775306272000001,68.91754359,blackgram,142,47.333333333333336,18.543282391714737,48.818855,Medium
34,60,16,31.35730791,64.24992106,7.322555222999999,63.85668948,blackgram,110,36.666666666666664,20.14704557871614,42.465675,Medium
21,72,17,31.52104732,66.55723677,7.580527339,61.71111448,blackgram,110,36.666666666666664,20.97953809715614,42.2184,Medium
25,68,19,29.39982732,64.25510719,7.1084501210000015,67.47677295,blackgram,112,37.333333333333336,18.890890558140903,42.851276,Medium
41,62,15,29.38400259,64.14928485,7.358974541,65.24194361,blackgram,118,39.333333333333336,18.849627521790477,43.73108,Medium
28,65,23,28.38686534,61.88871127,7.405176138,74.24459122,blackgram,116,38.666666666666664,17.568265128876302,43.82344,Medium
35,64,15,28.47442276,63.53604453,6.500144962,69.5274407,blackgram,114,38.0,18.091521924454057,43.99093,Medium
52,58,16,30.64095781,61.14508627,7.167435834,71.36947525,blackgram,126,42.0,18.735440086878803,44.920654,Medium
58,75,25,25.25596239,61.36669662,7.261791753,68.64685069,blackgram,158,52.666666666666664,15.498749818332602,50.738625,Medium
34,66,19,32.97030511,60.18122078,7.586642101,73.44678678,blackgram,119,39.666666666666664,19.84193211008872,43.340992,Medium
52,70,16,33.66855394,66.60416867,7.534811832999999,67.32520551,blackgram,138,46.0,22.424660454947535,47.168713,Medium
23,57,19,32.83963757,67.99803573,7.251000789,73.40452716,blackgram,99,33.0,22.330308488451106,41.795822,Low
42,58,25,27.45853567,62.90020977,6.513620917999999,69.46020927,blackgram,125,41.666666666666664,17.27147653620027,44.63728,Medium
37,62,17,25.68576704,69.84354028,7.121254928,74.62068748,blackgram,116,38.666666666666664,17.939849048809364,45.28391,Medium
44,75,22,30.0328403,64.14800537,7.574561547,71.21006868,blackgram,141,47.0,19.265468008407527,48.055305,Medium
21,80,20,28.20667264,68.27085245,7.350869792,64.32887142,blackgram,121,40.333333333333336,19.25693585910892,44.060028,Medium
56,76,16,28.27265858,61.18956161,7.5131510760000015,63.29900785,blackgram,148,49.333333333333336,17.29991584059405,48.509834,Medium
29,76,15,28.541723600000005,64.2020154,7.0256077060000015,69.68862306,blackgram,120,40.0,18.324361781097437,44.259308,Medium
43,61,20,26.87187036,61.61367264,6.804253866,63.51822045,blackgram,124,41.333333333333336,16.556746235855588,44.911602,Medium
55,60,15,32.79766751,68.77994074,7.163043872,64.11411069,blackgram,130,43.333333333333336,22.558216277480234,45.77624,Medium
44,63,15,26.42333018,64.51136845,7.338929556,63.46546487,blackgram,122,40.666666666666664,17.04605188917985,44.54404,Medium
29,67,21,29.79181107,63.38789228,6.621323612,63.02169909,blackgram,117,39.0,18.884401109312716,42.907516,Medium
47,63,16,27.44003279,67.10464369,6.661870999,72.50669768,blackgram,126,42.0,18.41353623214867,46.598576,Medium
40,68,17,34.1262979,65.14877461,7.733149554,70.40795007,blackgram,125,41.666666666666664,22.232864901608163,44.270096,Medium
58,61,15,30.94908189,64.23364112,7.402891666,62.78730907,blackgram,134,44.666666666666664,19.879722191157512,45.83074,Medium
41,74,18,28.75751783,61.02701476,6.599147297999999,73.37686831,blackgram,133,44.333333333333336,17.54985465072373,45.956104,Medium
58,79,17,27.24766491,66.10123083,7.04174124,62.31842057,blackgram,154,51.333333333333336,18.011041877944013,50.359535,Medium
27,62,24,28.63005477,66.770943,7.353876754,62.2737345,blackgram,113,37.666666666666664,19.11655755134548,43.53734,Medium
27,60,17,26.41768321,63.64698302,7.026795358999999,64.42177127,blackgram,104,34.666666666666664,16.81405834694609,41.044434,Low
52,65,20,32.81705216,66.15665137,6.814301033,68.83924882,blackgram,137,45.666666666666664,21.710662787402256,47.068317,Medium
44,55,25,29.6321052,65.91359954,7.42160832,71.16331975,blackgram,124,41.333333333333336,19.531587156799517,45.759533,Medium
21,62,24,33.49077065,62.73317204,6.8473828910000005,65.45328463,blackgram,107,35.666666666666664,21.00982276938633,41.242027,Low
60,59,22,31.86847286,66.74217464,7.191522601,74.22238583,blackgram,141,47.0,21.269711811322203,48.56429,Medium
33,77,21,30.32992227,65.62971858,7.01285529,71.64631281,blackgram,131,43.666666666666664,19.90544263133375,45.973507,Medium
59,58,17,28.546224,66.31394098,7.368318809,62.83469851,blackgram,134,44.666666666666664,18.930126135378593,46.72175,Medium
29,63,17,30.02629908,67.88811637,7.26154329,66.47264636,blackgram,109,36.333333333333336,20.384288861034644,42.914726,Medium
59,63,18,31.65531175,60.13263713,6.52669158,66.69096751,blackgram,140,46.666666666666664,19.035173746997753,46.347637,Medium
29,70,15,30.33499674,63.54718862,6.872594461,74.16699119,blackgram,114,38.0,19.277037596238653,43.46204,Medium
58,73,16,33.36984395,65.67718163,6.874142175,64.89517488,blackgram,147,49.0,21.916373020689072,48.8272,Medium
55,77,22,31.4345059,62.99303471,7.76061831,64.77651469,blackgram,154,51.333333333333336,19.801549212504,49.716965,Medium
42,79,23,27.71678273,63.29103387,6.781841984,68.56507978,blackgram,144,48.0,17.54223834531861,48.18139,Medium
44,77,21,32.63918668,61.3009051,7.326980454,61.83876146,blackgram,142,47.333333333333336,20.008116852118643,46.169662,Medium
38,62,25,32.7477393,67.77954584,7.453975408,63.37784443,blackgram,125,41.666666666666664,22.196268970407196,44.46813,Medium
32,76,15,28.05153602,63.49802189,7.604110177000001,43.35795377,lentil,123,41.0,17.812170482460832,42.591106,Medium
13,61,22,19.44084326,63.27771461,7.728832424,46.83130119,lentil,96,32.0,12.30172131584022,37.24917,Low
38,60,20,29.84823072,60.63872613,7.491217102,46.80452595,lentil,118,39.333333333333336,18.09958688095133,41.352516,Medium
11,74,17,21.36383757,69.92375891,6.633864582,46.6352865,lentil,102,34.0,14.938398276370803,40.13941,Low
37,71,16,26.28663931,68.51966729,7.324863481,46.13833007,lentil,124,41.333333333333336,18.011517796934353,43.73093,Medium
29,71,18,22.17499963,62.13873825,6.410441476,53.46622584,lentil,118,39.333333333333336,13.779264977024168,41.102196,Medium
2,72,18,26.57597546,60.97876599,7.836719564,50.89110726,lentil,92,30.666666666666668,16.205701885313225,37.59767,Low
6,59,21,26.58972517,66.14007674,6.139215944,50.90994463,lentil,86,28.666666666666668,17.586464632393096,37.30888,Low
13,64,20,19.1345771,62.57526895,6.590571088,36.46946971,lentil,97,32.333333333333336,11.973513082770111,36.09726,Low
8,58,17,28.75273118,69.15640149,7.286049977999999,35.15426171,lentil,83,27.666666666666668,19.884354214181215,35.591854,Low
6,77,20,25.78746268,60.2816298,6.058306161,49.14337177,lentil,103,34.333333333333336,15.545102787570759,38.49544,Low
2,75,22,23.89271875,61.78779413,6.658605362,52.55730112,lentil,99,33.0,14.762783873309909,38.7204,Low
3,69,23,28.67408774,63.18832976,7.299360767,42.96018627,lentil,95,31.666666666666668,18.118677116822933,37.872,Low
27,80,24,28.42062847,61.77336343,7.815210661,49.02366803,lentil,131,43.666666666666664,17.55637811386315,43.95054,Medium
39,78,15,21.35499456,62.60136323,5.925391795,41.78219834,lentil,132,44.0,13.36851771225234,42.572586,Medium
40,79,17,21.12695586,63.18738532,6.403683619,38.71834464,lentil,136,45.333333333333336,13.349571005644519,43.655994,Medium
37,62,22,24.02037872,61.62313345,7.397546271,49.78102578,lentil,121,40.333333333333336,14.802110033821002,42.467407,Medium
31,60,24,25.40474421,65.8567539,7.722335992,51.92057267,lentil,115,38.333333333333336,16.7307398733042,42.723537,Medium
22,67,22,29.03017561,64.49166566,7.475926645,54.93937710000001,lentil,111,37.0,18.722043794912064,42.046722,Medium
3,78,18,20.21368219,68.65257685,6.887130053,50.89732989,lentil,99,33.0,13.877213699704514,38.944168,Low
4,80,16,29.19585548,68.01965728,7.441976825,44.93261911,lentil,100,33.333333333333336,19.8589208374601,39.13732,Low
13,61,24,18.29783597,69.6897615,7.629910252999999,49.39111479,lentil,98,32.666666666666664,12.751718247154212,38.6222,Low
12,66,20,27.41434987,63.41785982,7.336117221,44.43177543,lentil,98,32.666666666666664,17.38559397112095,38.33826,Low
4,61,21,24.84063998,60.09116626,6.75020529,48.77790371,lentil,86,28.666666666666668,14.92703027042983,35.69538,Low
9,60,21,29.94413861,67.31323084,7.52178027,40.37113729,lentil,90,30.0,20.156367145598868,36.796684,Low
18,66,22,25.87990287,67.55109024,6.347379185,47.89645224,lentil,106,35.333333333333336,17.482156541738046,40.754364,Low
32,56,18,20.0467711,65.84395319,7.135251532000001,46.05333124,lentil,106,35.333333333333336,13.199586579190447,39.773197,Low
6,72,15,22.99451999,66.70897237,7.670178119,54.49044154,lentil,93,31.0,15.339407986743227,38.182182,Low
15,77,20,25.13163619,66.92642362,7.399749291,49.04015558,lentil,112,37.333333333333336,16.819705299156627,41.644196,Medium
0,65,24,28.49584395,62.44616219,7.841496029,53.14531023,lentil,89,29.666666666666668,17.794560930426304,38.342083,Low
30,79,22,18.28766124,69.48515056,6.254216611,48.60449438,lentil,131,43.666666666666664,12.707208946516761,43.561657,Medium
3,63,16,24.38041875,61.18458224,6.868881707999999,53.13946695,lentil,82,27.333333333333332,14.91705736055013,35.089603,Low
2,78,23,21.31852148,66.43934593,7.320514721,45.42616802,lentil,103,34.333333333333336,14.163886233258557,39.0453,Low
10,78,18,18.54141834,62.70637578,6.296976913,44.07819743,lentil,106,35.333333333333336,11.62665145922224,38.18793,Low
14,67,25,25.28710601,60.85993533,7.241151936,49.37369982,lentil,106,35.333333333333336,15.389716364514543,39.31015,Low
39,65,23,25.43459777,69.12613376,7.685959305,41.02682925,lentil,127,42.333333333333336,17.581954075808177,43.42919,Medium
19,72,15,28.83600962,69.76112921,6.890760124,44.08562546,lentil,106,35.333333333333336,20.116325930016227,40.992523,Low
18,57,21,27.37659643,63.93927841,6.155915975,49.47371773,lentil,96,32.0,17.50439821055982,38.950676,Low
31,58,15,28.31886863,60.19461399,6.167855382000001,45.36521251,lentil,104,34.666666666666664,17.046433658163703,39.58399,Low
28,58,25,27.4818649,62.04814951,6.861640036,37.81123974,lentil,111,37.0,17.051988621288213,40.921192,Medium
5,65,19,18.28072173,68.10365387,6.978361689,48.80253285,lentil,89,29.666666666666668,12.449839451937075,36.855606,Low
16,65,19,27.61204997,69.29786244,7.043160241,42.72374404,lentil,100,33.333333333333336,19.134560405074662,39.562263,Low
34,65,19,23.43974653,63.22011726,5.94239222,45.40277297,lentil,118,39.333333333333336,14.818635241712782,41.233025,Medium
14,69,19,20.95628486,63.68128841,7.239455147,52.39881209,lentil,102,34.0,13.345232201717765,38.55279,Low
22,55,16,23.7937153,68.03209183,6.516317561,49.73922097,lentil,93,31.0,16.187362242664758,38.339386,Low
24,61,17,22.6371424,65.44544859,6.233269045,38.30411077,lentil,102,34.0,14.814979391637092,38.179153,Low
2,79,15,21.53577883,65.47227704,7.505283615,35.75107592,lentil,96,32.0,14.09996477829927,36.8732,Low
26,63,17,29.87854588,65.73085206,6.950300686,44.95654782,lentil,106,35.333333333333336,19.639422790062028,39.90516,Low
27,61,15,25.2653291,67.10004577,6.958054839,48.33941188,lentil,103,34.333333333333336,16.953047390041128,40.301727,Low
24,70,16,25.17885316,68.93307305,6.54803469,35.03484812,lentil,110,36.666666666666664,17.356557241935032,40.633522,Medium
13,74,25,24.12192608,61.09533545,6.461618577,44.23629285,lentil,112,37.333333333333336,14.737371655577038,39.29903,Medium
6,64,23,23.33565221,67.40460704,7.065264073,36.18678721,lentil,93,31.0,15.729304672371574,36.936035,Low
12,58,23,21.74600081,63.39503184,6.765091462000001,50.43306085,lentil,93,31.0,13.78588413742616,37.199917,Low
32,79,22,27.60195453,63.46170674,5.91645379,54.37814199,lentil,133,44.333333333333336,17.516671438336747,45.1603,Medium
6,68,18,24.388717,62.50453062,6.711341147000001,47.26052494,lentil,92,30.666666666666668,15.244053085090146,37.512924,Low
10,79,20,24.98287462,66.895409,6.379881442,38.21370568,lentil,109,36.333333333333336,16.712396157006197,40.067284,Medium
38,77,22,28.234829,69.3159965,6.313284267999999,35.36831423,lentil,137,45.666666666666664,19.571253081420984,45.257336,Medium
17,74,17,26.03026959,69.55863145,7.393210848,37.11395801,lentil,108,36.0,18.106299289549526,40.686104,Medium
26,68,24,28.04849594,64.07691942,7.504930973,37.15824966,lentil,118,39.333333333333336,17.972612141995768,41.28626,Medium
23,75,17,24.87425505,64.00213929,7.198076286,48.28137482,lentil,115,38.333333333333336,15.920055364450858,40.84295,Medium
32,78,22,23.97081395,62.35557553,7.007037515,53.40906048,lentil,132,44.0,14.947138997748027,44.13744,Medium
19,79,19,20.06003985,67.76252583,6.677262562,42.89509057,lentil,117,39.0,13.593189684864543,40.455544,Medium
22,60,18,19.59221047,61.28633405,6.74398035,41.7704893,lentil,100,33.333333333333336,12.007347556423277,36.86071,Low
28,69,16,29.77013109,66.29327012,6.547361617999999,35.69674138,lentil,113,37.666666666666664,19.7355934185718,40.560047,Medium
1,67,21,27.52135365,60.53657684,6.551577598,48.06491307,lentil,89,29.666666666666668,16.660485399740395,36.73349,Low
12,67,23,25.62896213,63.14909763,6.585020302999999,45.49683991,lentil,102,34.0,16.184458317029428,39.089367,Low
36,67,20,20.39078312,60.47528931,6.924042372000001,53.31508572,lentil,123,41.0,12.331385084394645,41.739838,Medium
28,70,21,25.39038396,60.4989659,7.437373666,39.18374505,lentil,119,39.666666666666664,15.360919733839472,40.21047,Medium
12,71,19,24.91079638,60.71367427,7.142611056000002,42.19740397,lentil,102,34.0,15.124259772216151,37.843708,Low
22,68,16,27.70496805,63.20915034,7.74672376,37.46160727,lentil,106,35.333333333333336,17.512074906373467,39.039734,Low
26,66,22,18.06486101,65.1034354,6.300479414,51.54922825,lentil,114,38.0,11.760845117745136,40.671013,Medium
16,65,16,18.13027797,62.45851612,6.078724107,50.6128521,lentil,97,32.333333333333336,11.323902588493258,37.212486,Low
14,59,22,23.82723528,67.89815262,6.76660668,46.90725077,lentil,95,31.666666666666668,16.178252575540885,38.756245,Low
33,59,19,23.19305333,62.74710773,7.641024177,49.55213308,lentil,111,37.0,14.552970158851453,41.069435,Medium
21,63,17,25.08966129,68.17543102,6.559681838,41.45486619,lentil,101,33.666666666666664,17.104984725915592,39.414013,Low
0,69,21,25.86928193,61.88321072,7.072923306,36.68284038,lentil,90,30.0,16.008742248492783,35.870586,Low
10,75,17,18.43966037,68.05394959,7.732194787999999,39.00992137,lentil,102,34.0,12.548917172767007,38.067093,Low
30,61,18,27.14911056,67.02664337,6.157782589,52.50812701,lentil,109,36.333333333333336,18.197137513178212,42.775642,Medium
0,74,17,23.33375853,64.50515776,7.240988401,47.01510708,lentil,91,30.333333333333332,15.051477751113957,37.210617,Low
35,74,22,26.7230014,62.96841833,6.898905799,42.87274897,lentil,131,43.666666666666664,16.827051311883757,43.99334,Medium
7,63,24,19.55750776,64.45268309,6.818681086000002,53.04669416,lentil,94,31.333333333333332,12.605338496854957,37.567574,Low
9,56,17,26.13708256,66.7729209,6.261937875,46.48280681,lentil,82,27.333333333333332,17.452493463356497,36.877262,Low
14,74,15,27.99990346,65.57653373,6.493036868,49.94043064,lentil,103,34.333333333333336,18.361366136814336,39.505505,Low
14,76,20,29.05941162,62.10652364,7.042474679,36.5011366,lentil,110,36.666666666666664,18.047790347420204,39.47386,Medium
36,65,16,25.71269843,64.1123333,7.692013657,50.17067771,lentil,117,39.0,16.485010917865466,42.24987,Medium
28,67,21,21.79792649,63.73086065,6.250994222999999,46.62370222,lentil,116,38.666666666666664,13.892006155931336,40.579517,Medium
28,79,16,24.70626432,60.26854183,6.0521848810000005,53.12442925,lentil,123,41.0,14.890105246329563,42.50106,Medium
40,61,22,20.94981756,65.8108757,7.002216044,44.23913012,lentil,123,41.0,13.787258393788372,41.975536,Medium
10,70,19,24.84918386,68.98088448,7.272427638,41.61080544,lentil,99,33.0,17.141186812689405,38.900566,Low
12,80,19,21.91041045,65.21662467,5.962001484,36.10211371,lentil,111,37.0,14.289230146832958,39.23805,Medium
37,77,20,25.93381964,68.70533022,7.080506001,51.02372773,lentil,134,44.666666666666664,17.817916422321215,45.659252,Medium
0,67,22,29.82112112,69.4073209,6.5937983870000005,51.56461082,lentil,89,29.666666666666668,20.698041231736074,38.561703,Low
7,73,25,27.52185591,63.13215259,7.28805662,45.20841071,lentil,105,35.0,17.375140068701132,39.184044,Low
10,56,18,27.99627907,68.6428593,7.32710972,46.10585191,lentil,84,28.0,19.217446451255448,37.051403,Low
39,70,15,20.76774783,63.90164154,6.366355781,47.9271552,lentil,124,41.333333333333336,13.270931774257729,42.149994,Medium
26,56,22,23.05276444,60.424786,7.011121216,52.60285259,lentil,104,34.666666666666664,13.929583579954098,38.7944,Low
9,77,17,21.65845777,63.58337146,6.280725549,38.07659414,lentil,103,34.333333333333336,13.771177656406332,37.603764,Low
4,59,19,26.25070298,67.62779652,7.621494566,40.8106299,lentil,82,27.333333333333332,17.752771996383977,36.235268,Low
34,73,15,20.97195263,63.83179889,7.630424082999999,53.10207889,lentil,122,40.666666666666664,13.386774626087668,42.33812,Medium
33,77,15,23.89736406,66.32102048,7.802212437,40.74536757,lentil,125,41.666666666666664,15.84897571241276,42.473366,Medium
2,24,38,24.55981624,91.63536236,5.922935513,111.9684622,pomegranate,64,21.333333333333332,22.505476606474126,45.00135,Low
6,18,37,19.65690085,89.93701023,5.937649577999999,108.0458926,pomegranate,61,20.333333333333332,17.678828928365455,42.590908,Low
8,26,36,18.78359608,87.4024767,6.804781106,102.5184759,pomegranate,70,23.333333333333332,16.41732818724411,43.476227,Low
37,18,39,24.1469628,94.5110662,6.424670614,110.2316633,pomegranate,94,31.333333333333332,22.821551997197375,50.086876,Low
0,27,38,22.44581266,89.90147027,6.7380162210000005,109.3905998,pomegranate,65,21.666666666666668,20.1791155953898,43.63428,Low
31,25,38,24.96273236,92.40501423,6.4973666770000005,109.4169192,pomegranate,94,31.333333333333332,23.066816389454814,49.6768,Low
21,21,38,22.5526059,89.32594859999998,6.327673765,104.8955643,pomegranate,80,26.666666666666668,20.145329154194563,45.95216,Low
6,30,40,22.77035608,91.45498527,6.36137446,106.9659201,pomegranate,76,25.333333333333332,20.824625798890548,45.424236,Low
25,27,41,19.20090378,94.27659596,6.9235093710000015,108.0423555,pomegranate,93,31.0,18.101958477338968,48.613533,Low
15,11,38,23.12808226,92.68328358,6.630646082999999,109.3930157,pomegranate,64,21.333333333333332,21.435866067651475,44.506805,Low
14,5,36,24.92639065,85.19098079,5.832525853,104.7693804,pomegranate,55,18.333333333333332,21.23503667028185,41.67477,Low
16,10,41,24.77464458,85.63608688,6.738993954,105.7595811,pomegranate,67,22.333333333333332,21.21603615674001,43.471767,Low
36,7,37,19.8671184,86.35590206,5.782435567,108.3168858,pomegranate,80,26.666666666666668,17.15642930764824,45.46542,Low
4,20,41,24.26601316,93.7974061,6.537042717,104.5375109,pomegranate,65,21.666666666666668,22.760890907964644,43.94511,Low
29,22,40,23.62600218,89.73266695,6.145104401,107.6836871,pomegranate,91,30.333333333333332,21.20024184977914,47.74958,Low
16,15,42,19.67832052,89.08935702,6.890784045,108.5468633,pomegranate,73,24.333333333333332,17.53128922360272,44.545906,Low
18,27,41,22.36509395,92.30882391,7.175344328,104.8216333,pomegranate,86,28.666666666666668,20.64495519161156,47.35908,Low
11,18,42,21.57936934,94.88267728,5.938528744,102.8593382,pomegranate,71,23.666666666666668,20.475083369931465,44.93847,Low
5,15,38,18.26233221,88.16779129,5.709380472,108.0756727,pomegranate,58,19.333333333333332,16.101494947599246,41.3856,Low
18,23,44,23.71028128,89.61794165,6.184400085,105.64999070000002,pomegranate,85,28.333333333333332,21.248666042561275,46.78235,Low
9,8,40,22.48720144,89.9224883,6.553509673,111.6631582,pomegranate,57,19.0,20.22105108388143,42.959904,Low
40,27,45,21.66024980000001,94.79397419,5.885638185,112.4349689,pomegranate,112,37.333333333333336,20.532611604901536,51.662193,Medium
22,23,44,20.13037175,89.31505137,6.1438746910000015,107.3416913,pomegranate,89,29.666666666666668,17.979451869484468,47.003357,Low
9,16,39,18.41164435,91.11927248,6.101198974,105.1834976,pomegranate,64,21.333333333333332,16.776556383325026,42.74551,Low
12,29,40,19.68291173,89.75272999,6.594037135,111.2818551,pomegranate,81,27.0,17.66595061919694,46.33735,Low
0,17,42,23.20242586,91.19442671,6.8598408210000015,109.0946323,pomegranate,59,19.666666666666668,21.15931924583979,41.94096,Low
2,21,44,18.92157197,87.31290342,6.56893406,102.8013275,pomegranate,67,22.333333333333332,16.52097385971189,42.380978,Low
28,6,40,22.10621387,91.34039616,6.769855664,106.8704803,pomegranate,74,24.666666666666668,20.19190332483487,45.67788,Low
8,23,44,18.47412402,89.68919664,7.130837931,108.4758509,pomegranate,75,25.0,16.569293419815278,44.694626,Low
29,16,36,19.81069447,88.92944254,5.7403380020000006,102.860084,pomegranate,81,27.0,17.617540155473606,45.9274,Low
17,18,43,24.4880844,90.83687246,5.843005428,103.1969341,pomegranate,78,26.0,22.244209994325157,45.834034,Low
34,21,42,18.75927679,89.93457597,6.648687273999999,111.0196744,pomegranate,97,32.333333333333336,16.871076036125128,48.647255,Low
21,23,42,19.54128063,90.29751796,6.902751061,104.3739878,pomegranate,86,28.666666666666668,17.64529138648825,46.42422,Low
25,17,40,18.91251245,87.74938524,6.608023872,111.28005159999998,pomegranate,82,27.333333333333332,16.595613408313465,46.034084,Low
8,25,36,19.91330523,94.95031368,6.828522375,104.0277061,pomegranate,69,23.0,18.907745779940843,45.016994,Low
26,18,42,19.72620525,89.64934166,6.910374919,108.22872759999998,pomegranate,86,28.666666666666668,17.684413141125358,47.0647,Low
4,19,42,23.83185873,87.84034604,6.306605528,111.2232716,pomegranate,65,21.666666666666668,20.933987176195952,43.81826,Low
36,24,41,24.94467632,94.25702672,7.009180374,103.8799347,pomegranate,101,33.666666666666664,23.512110224159912,49.741825,Low
5,24,40,24.692258,93.87030088,6.297907578999999,104.6735454,pomegranate,69,23.0,23.178696878665868,45.499283,Low
19,17,39,24.72485577,85.56083187,6.728599215,111.2787584,pomegranate,75,25.0,21.154792275469696,46.114742,Low
39,30,38,20.12644921,87.59629625,6.965156737999999,108.065579,pomegranate,107,35.666666666666664,17.630024074597383,48.814003,Low
5,29,44,21.02432943,93.0569505,5.578095745,104.7847006,pomegranate,78,26.0,19.564599830632034,45.899837,Low
4,24,43,22.40423537,88.1508343,7.199504273,109.8695196,pomegranate,71,23.666666666666668,19.74952039719069,45.070507,Low
38,21,35,20.33691147,89.38003827,5.841367187,110.9653137,pomegranate,94,31.333333333333332,18.17713925482202,49.26147,Low
37,11,36,24.24779615,85.56033312,6.710143266,106.9216033,pomegranate,84,28.0,20.746495160198535,46.58089,Low
9,25,41,24.81530144,91.90842992,5.972714857000001,109.2853418,pomegranate,75,25.0,22.80735393341915,46.22841,Low
29,22,43,19.66329768,87.95158129,5.561851831,106.0380805,pomegranate,94,31.333333333333332,17.29418124331988,47.662872,Low
5,21,38,22.43377991,90.3396556,6.107054807999999,112.459697,pomegranate,64,21.333333333333332,20.266599508755988,44.031975,Low
22,26,38,22.92052307,85.12912161,6.988035315,110.2437841,pomegranate,86,28.666666666666668,19.512039957908407,47.00915,Low
4,18,37,22.91843172,85.40695044,7.13147457,106.2817706,pomegranate,59,19.666666666666668,19.57393362072564,41.637833,Low
21,6,41,24.88244467,89.39686219,7.086947687,107.1951707,pomegranate,68,22.666666666666668,22.2441247711429,44.55401,Low
29,21,45,23.40981539,93.13277,6.749260456,105.2240743,pomegranate,95,31.666666666666668,21.802209524593298,48.938824,Low
23,5,44,21.20725375,94.26304717,7.16300467,107.5660804,pomegranate,72,24.0,19.99060360582409,45.126503,Low
13,7,43,18.20230419,91.12282162,7.013481515,109.66239740000002,pomegranate,63,21.0,16.586453177783486,42.910725,Low
5,13,37,22.34375696,89.7870345,5.648243648999999,103.3183074,pomegranate,55,18.333333333333332,20.061796770271354,41.691227,Low
27,24,41,24.32770134,90.88292835,6.610251186,110.4606459,pomegranate,92,30.666666666666668,22.10972737803419,48.676487,Low
7,23,35,19.75088482,88.71691157,7.054313822999999,102.5538035,pomegranate,65,21.666666666666668,17.522375020051953,43.011215,Low
12,20,39,19.86173586,86.19740917,6.026999326,111.0217929,pomegranate,71,23.666666666666668,17.120301727508817,44.04985,Low
4,19,43,18.07132963,93.14554876,5.7794274020000005,106.3602023,pomegranate,66,22.0,16.83263915209198,43.782047,Low
3,9,45,23.89162561,89.61850203,6.535244251,104.617522,pomegranate,57,19.0,21.411316982297848,42.194576,Low
1,27,36,23.98598756,93.34236582,5.684995235,104.991282,pomegranate,64,21.333333333333332,22.389088253794895,44.10885,Low
23,30,44,20.93892916,85.42912869,6.12476108,103.0295938,pomegranate,97,32.333333333333336,17.887944738404336,46.839687,Low
24,21,42,20.82210727,87.22815682,6.999014379,109.4429934,pomegranate,87,29.0,18.162740382704218,47.003605,Low
13,30,37,20.86474944,91.61793636,6.277148771,106.8685636,pomegranate,80,26.666666666666668,19.11585286361266,45.84108,Low
40,11,44,24.45840036,86.10874614,6.322396027000001,111.3779693,pomegranate,95,31.666666666666668,21.060821875897247,48.847584,Low
21,9,40,24.51147697,90.64498715,5.956401828,105.6209954,pomegranate,70,23.333333333333332,22.21842514973171,44.73594,Low
3,27,44,24.56811204,92.03009222,6.591302797000001,110.9633894,pomegranate,74,24.666666666666668,22.61005616712492,46.63481,Low
40,29,42,24.63228709,89.01574455,7.104094929,110.6956184,pomegranate,111,37.0,21.926613752857023,50.609173,Medium
14,25,40,20.07386547,90.97819712,6.407872061,103.7084055,pomegranate,79,26.333333333333332,18.262840896900215,45.389107,Low
38,14,37,21.80523051,94.63612858,6.658402594,102.6488846,pomegranate,89,29.666666666666668,20.63562598260899,47.965458,Low
34,9,36,22.8122645,86.34233767,6.276038961,110.4432293,pomegranate,79,26.333333333333332,19.69664244476354,46.597115,Low
32,14,37,22.73031253,88.48567856,6.825256236,104.6843243,pomegranate,83,27.666666666666668,20.113071280979202,46.63597,Low
18,21,35,23.2801227,94.94330457,6.368560522,111.1382096,pomegranate,74,24.666666666666668,22.102917799330708,46.987854,Low
8,23,38,19.30106297,87.1775172,7.005410734,105.4766591,pomegranate,69,23.0,16.826187490454583,43.714626,Low
15,6,41,19.0087067,88.83768149,6.8973684770000006,108.6793978,pomegranate,62,20.666666666666668,16.88689431351429,42.722404,Low
0,5,36,24.35193812,90.88612388,6.152906502,105.529185,pomegranate,41,13.666666666666666,22.13253264692414,40.49722,Low
22,9,44,24.72235539,88.87651295,5.744361602000001,112.1926517,pomegranate,75,25.0,21.972367389738373,46.200146,Low
14,8,43,21.92513945,94.46485312,7.051654924,111.71620159999998,pomegranate,65,21.666666666666668,20.711550777797676,44.605988,Low
31,11,45,24.83954414,86.88738076,6.034612928,107.6435771,pomegranate,87,29.0,21.58242929597007,47.512806,Low
39,17,45,18.09691127,90.42177379,6.9244907310000015,104.88188999999998,pomegranate,101,33.666666666666664,16.363548171536415,48.297585,Low
10,5,42,20.24104904,91.08706822,6.887005997,109.2537734,pomegranate,57,19.0,18.43697814750846,42.437828,Low
8,28,38,23.22594,94.42971362,6.8444019,105.6917856,pomegranate,74,24.666666666666668,21.93218862755303,46.136745,Low
32,13,42,23.50128217,92.97527546,5.786058032000001,106.61905,pomegranate,87,29.0,21.850381834189367,47.918365,Low
18,9,40,19.44623085,89.02127045,5.627186257000001,106.1606833,pomegranate,67,22.333333333333332,17.311281757309835,43.37003,Low
20,27,41,20.51343484,92.51675903,5.700088663,110.5764023,pomegranate,88,29.333333333333332,18.978365079698865,48.09885,Low
39,25,36,18.90223032,94.99897537,5.567805185,107.6103211,pomegranate,100,33.333333333333336,17.956925126077472,49.883133,Low
20,7,45,18.90592319,89.24126808,6.077886012,112.4750941,pomegranate,72,24.0,16.871885596986786,45.192165,Low
11,10,45,22.63045168,88.45577158,6.397995609,109.0357597,pomegranate,66,22.0,20.017940645583074,43.496075,Low
40,18,43,19.38603815,86.79058496,5.767372539,109.91309840000002,pomegranate,101,33.666666666666664,16.825255910953764,48.502964,Low
3,26,39,24.38318965,91.19431555,7.079973241,103.6012114,pomegranate,68,22.666666666666668,22.236082910575938,44.14043,Low
9,16,36,23.77989026,92.93386903,5.893332377999999,106.977723,pomegranate,61,20.333333333333332,22.099572069706124,43.79676,Low
30,20,38,22.59890174,93.16343942,7.058222596,110.0932899,pomegranate,88,29.333333333333332,21.053914132130227,48.477493,Low
40,9,41,24.37766782,85.4017118,5.78270695,106.128338,pomegranate,90,30.0,20.81894561519774,47.23942,Low
40,30,35,20.89273273,91.07776977,6.269663962999999,104.4407083,pomegranate,105,35.0,19.028635014490835,48.987217,Low
32,25,35,18.09903225,85.70786282,5.892913826,107.0050976,pomegranate,92,30.666666666666668,15.51229373257756,46.593117,Low
33,23,45,20.00218987,85.83618191,7.116538883,112.337046,pomegranate,101,33.666666666666664,17.16911608279679,49.052555,Low
4,14,41,19.85139326,89.80732335,6.430163481,102.8186358,pomegranate,59,19.666666666666668,17.828004934488305,41.6464,Low
13,17,45,21.25433607,92.65058936,7.159520979,106.2784673,pomegranate,75,25.0,19.69226763341006,45.467422,Low
39,24,39,23.65374106,93.32657504,6.431265737,109.8076178,pomegranate,102,34.0,22.07522640012819,50.633125,Low
8,28,37,23.88404783,86.20613842,6.082571701,108.3121789,pomegranate,73,24.333333333333332,20.589515332628807,44.50975,Low
91,94,46,29.36792366,76.24900101,6.149934034,92.82840911,banana,231,77.0,22.392748408129428,67.96813,High
105,95,50,27.33368994,83.67675197,5.849076099,101.0494791,banana,250,83.33333333333333,22.871943935342642,73.68831,High
108,92,53,27.40053601,82.96221306,6.276800323,104.9378,banana,253,84.33333333333333,22.732091064198222,73.91149,High
86,76,54,29.3159075,80.11585705,5.926824754,90.10978128,banana,216,72.0,23.48669054561023,65.27599,High
80,77,49,26.05433004,79.39654531,5.519088423,113.2297373,banana,206,68.66666666666667,20.68623795542554,64.83819,High
93,94,53,25.86632408,84.42379269,6.079178787999999,114.5357503,banana,240,80.0,21.837331817822747,74.06731,High
90,92,55,27.00932084,80.18546798,6.13465588,97.32531705,banana,237,79.0,21.65755031377367,69.96406,High
108,89,53,29.55054817,78.06762846,5.808497603999999,99.34482238,banana,250,83.33333333333333,23.069412153248926,71.86134,High
108,88,55,26.28845991,83.390039,5.891458107,113.8729798,banana,251,83.66666666666667,21.921956971448367,74.600876,High
105,77,52,29.16226551,76.16151562,5.816622478999999,100.0075679,banana,234,78.0,22.210423401544528,68.50996,High
118,88,52,28.65003945,82.68752542,5.8431631610000005,98.75084366,banana,258,86.0,23.69000865305878,74.76396,High
101,87,54,29.07311132,76.50045221,6.376756632999999,100.1692639,banana,242,80.66666666666667,22.2410616313167,70.53019,High
95,75,50,28.08166093,75.26429821,5.623615687000001,118.2761894,banana,220,73.33333333333333,21.135465024676265,68.92645,High
106,85,53,27.1994597,78.80860679999998,5.91505509,99.72430835,banana,244,81.33333333333333,21.43551524669745,71.122734,High
86,95,49,28.05484146,78.04602887,6.458714879,108.3957179,banana,230,76.66666666666667,21.89568966530433,69.7253,High
83,79,55,25.14748006,83.34688193,5.565028635,98.66679427,banana,217,72.33333333333333,20.959640513978492,67.87613,High
85,95,47,25.94019018,78.3422098,6.211833161,119.84797,banana,227,75.66666666666667,20.322118213334598,70.47894,High
109,79,45,27.66752761,79.68542782,6.490074429,108.66464,banana,233,77.66666666666667,22.046987743245122,70.01589,High
100,76,45,25.56703012,75.94067692,5.590236025,102.7867717,banana,221,73.66666666666667,19.415775741468288,67.195656,High
117,86,48,28.6956201,82.54195839,6.225225238999999,116.1616839,banana,251,83.66666666666667,23.685926802694475,74.53494,High
114,94,53,26.33544853,76.8532006,6.190757458999999,118.6858263,banana,261,87.0,20.23963508767065,75.3531,High
110,78,50,25.93730186,78.89864446,5.915568968,98.21747528,banana,238,79.33333333333333,20.46417957703837,69.91482,High
94,70,48,25.13686519,84.88394407,6.195152442,91.46442491,banana,212,70.66666666666667,21.337162588830903,66.533,High
80,71,47,27.50527651,80.79783998,6.156373499,105.0776992,banana,198,66.0,22.22366930060633,64.77039,High
114,79,51,26.21009246,82.34429458,6.313197204,112.0700033,banana,244,81.33333333333333,21.582515744952765,73.48811,High
88,78,45,29.10403455,79.19588629,6.324270089,92.07835761,banana,211,70.33333333333333,23.049198108020313,65.0973,High
112,73,48,29.244063800000006,77.32017166,5.7074889870000005,90.66727868,banana,233,77.66666666666667,22.611560330519925,68.24336,High
117,76,47,25.56202173,77.38229006,6.119216009,93.10247183,banana,240,80.0,19.78047780030883,70.756195,High
111,87,48,26.3985515,81.36028902,5.571401169,98.16752001,banana,246,82.0,21.477937797493546,71.98608,High
89,83,47,28.09577643,77.79586769,5.63127166,109.5408614,banana,219,73.0,21.857353057961003,68.21515,High
93,91,47,27.84767901,83.31110751,6.101241579,117.2878912,banana,231,77.0,23.200209799060804,71.75437,High
92,81,52,27.39341554,81.4654833,6.438137278999998,94.31102057,banana,225,75.0,22.316178362038304,68.12503,High
105,74,45,25.14517635,81.38204104,6.098369122,119.218154,banana,224,74.66666666666667,20.463657736737375,69.91523,High
102,71,48,28.65456263,79.28693687,5.695267822000001,102.4633775,banana,221,73.66666666666667,22.719324982822712,67.819595,High
94,91,51,29.16093424,76.67484233,5.6180944460000015,109.575944,banana,236,78.66666666666667,22.359100350474982,69.739876,High
116,71,47,27.57278064,82.0638878,6.435785799,91.34276507,banana,234,78.0,22.627295767749725,69.450294,High
117,79,49,25.40909896,82.36208097,6.176644228,112.9794804,banana,245,81.66666666666667,20.92746265918263,73.77337,High
119,72,55,25.99069521,83.33983116,6.220643671,112.0777152,banana,246,82.0,21.66060150532421,73.81733,High
99,73,53,26.29039046,81.06003778,5.8717022110000014,118.6730366,banana,225,75.0,21.311000439385516,70.63031,High
91,84,52,29.14827211,78.71024836,6.390741836,117.536781,banana,227,75.66666666666667,22.94267737042961,69.8699,High
80,90,47,26.59743595,79.35898915,6.21084479,107.3944717,banana,217,72.33333333333333,21.1074563097387,67.55453,High
101,70,48,25.36059237,75.03193255,6.012696655,116.5531455,banana,219,73.0,19.028542561338845,68.03942,High
108,89,53,29.12036889,80.18080728,5.908770059,112.3982055,banana,250,83.33333333333333,23.348946858915973,73.31793,High
100,80,52,27.53911354,77.25629897,6.049801781,110.3262123,banana,232,77.33333333333333,21.27569989015015,69.53655,High
109,91,53,29.66727337,83.51014178,6.010095852999999,110.2511102,banana,253,84.33333333333333,24.775182053547184,73.96724,High
82,78,46,25.05802193,84.97323747,5.738678895,110.4408803,banana,206,68.66666666666667,21.29261247986358,66.4281,High
106,70,55,25.86824781,78.52399914,5.74055541,116.3019555,banana,231,77.0,20.312782687857467,70.25132,High
90,86,52,25.85036988,81.95580471,5.793260262,119.08561709999998,banana,228,76.0,21.185878655665462,71.35502,High
83,95,50,26.51682337,77.79913575,5.50947065,108.8547508,banana,228,76.0,20.629859410214024,69.36436,High
119,90,48,28.66725136,79.59242542,5.986442306,118.2583441,banana,257,85.66666666666667,22.81696065867194,75.47997,High
107,72,45,28.14938935,81.54448882,5.790768046,91.40508414,banana,224,74.66666666666667,22.95427565140902,67.48343,High
116,81,55,26.42313317,83.69950440000002,5.915546415,95.12322062,banana,252,84.0,22.116031510242014,73.27481,High
101,75,50,26.59386409,81.40740301,6.242528277999999,109.9825551,banana,226,75.33333333333333,21.64937411567797,69.79965,High
93,81,50,27.71822477,76.57853189,6.0360792660000016,102.2099836,banana,224,74.66666666666667,21.226209594836327,68.00993,High
95,75,45,28.98333432,82.95958244,5.829898502000001,109.022564,banana,215,71.66666666666667,24.044453129061218,67.750694,High
107,71,55,29.42017919,83.96754496,6.088064451,117.229079,banana,233,77.66666666666667,24.703402188675813,71.32839,High
83,94,47,27.39872329,81.10523402,6.469370954,112.1355384,banana,224,74.66666666666667,22.221798642846743,69.73339,High
102,73,54,26.4020227,84.41007614,5.720726906,111.0162259,banana,229,76.33333333333333,22.28596746357008,70.81348,High
86,79,45,27.81251452,82.69285419,5.80766417,99.20961514,banana,210,70.0,22.998962078596183,66.72365,High
117,86,53,25.19640218,83.55829874,5.703381727999999,115.8586081,banana,256,85.33333333333333,21.05368500529627,76.19661,High
111,79,53,28.31193338,75.77363772,6.165001277999999,119.695765,banana,243,81.0,21.452981830888948,72.24414,High
95,74,50,25.90113128,80.47152737,6.002481605,110.10323,banana,219,73.0,20.843035947124832,69.657616,High
91,75,55,27.48612983,76.11239849,6.212369363,109.2768851,banana,221,73.66666666666667,20.92035266568836,68.12379,High
93,83,46,29.38254012,83.50423735,5.765308943,109.2486647,banana,222,74.0,24.535666041263777,69.50818,High
92,85,51,29.22118628,81.08183635,5.740764682000001,108.8616474,banana,228,76.0,23.693074439078256,70.0145,High
104,80,54,27.09062164,81.33506906,5.879119455,110.1331182,banana,238,79.33333333333333,22.0341758196773,71.345665,High
103,72,51,26.12643374,81.81365007,6.099478745,104.4812858,banana,226,75.33333333333333,21.37498907581401,69.73908,High
92,75,45,29.01207743,77.95192527,5.674403358999999,90.43495443,banana,212,70.66666666666667,22.615472917508143,64.78797,High
93,85,49,27.96799119,79.28625709,5.694243847,119.4765557,banana,227,75.66666666666667,22.17477339781195,70.282455,High
120,87,52,28.0764455,76.05522115,5.905494703,118.99235729999998,banana,259,86.33333333333333,21.353602716084218,74.93622,High
108,72,46,25.16278237,84.97849241,6.110844721,90.94554618,banana,226,75.33333333333333,21.382953106435266,68.63674,High
105,88,54,25.78749808,84.51194224,6.020445317,114.2005455,banana,247,82.33333333333333,21.793515482510706,73.71847,High
98,79,50,25.34119774,84.47321314,6.435917308,91.06493353,banana,227,75.66666666666667,21.40652397913906,69.57685,High
111,88,55,29.44795403,78.34971537,5.505393832999999,96.45042585,banana,254,84.66666666666667,23.07238816479344,72.057976,High
97,74,45,26.47522633,78.51833782,5.677719902000001,113.1161095,banana,216,72.0,20.787907648398992,67.18066,High
95,82,48,27.39489579,83.31172003,5.719014989,92.78133617,banana,225,75.0,22.823158883075056,68.446236,High
89,91,55,25.08347445,80.26173100000003,6.275572297999999,94.32961456,banana,235,78.33333333333333,20.132430788512735,69.29469,High
89,85,55,26.671983500000003,76.48541655,6.275384607,91.73358569,banana,229,76.33333333333333,20.400177682122273,67.96844,High
118,88,51,25.44926208,79.49221962,6.201911642000001,100.6619171,banana,257,85.66666666666667,20.23018330430298,74.52477,High
101,92,45,28.22776705,80.64303840000002,5.758054257,98.00403016,banana,238,79.33333333333333,22.763729021594052,69.90232,High
99,92,47,28.127950899999995,77.48247073,6.3239336470000005,103.5045395,banana,238,79.33333333333333,21.794231323041267,70.53091,High
82,77,46,28.9470467,82.1888998,5.901100841,95.83016448,banana,205,68.33333333333333,23.79125920732221,64.34385,High
90,86,55,27.96236771,84.15403614,5.644486582000001,97.55986676,banana,231,77.0,23.53146102827309,70.2052,High
95,88,52,28.00316034,78.90085998,6.235461772000001,94.68180316,banana,235,78.33333333333333,22.094734329838293,69.078415,High
104,73,46,29.1400919,80.1190228,6.28236237,90.45142867,banana,223,74.33333333333333,23.346756873301953,67.05606,High
102,73,52,27.9122104,83.36307683,6.356090905,90.24211529,banana,227,75.66666666666667,23.26847740070325,68.615105,High
100,74,52,25.43480512,81.53977797,5.837258235,96.47800391,banana,226,75.33333333333333,20.739483621950193,68.63563,High
94,89,48,28.55980972,84.51602322,5.653437902,111.0843029,banana,231,77.0,24.137615414543017,71.29648,High
99,70,46,26.59580783,82.99556744,5.727469947,100.5123341,banana,215,71.66666666666667,22.07334162376045,67.51157,High
112,87,48,27.19711623,77.39706290000002,6.200111067999999,99.46950465,banana,247,82.33333333333333,21.049769155519215,71.372986,High
117,82,45,25.29391516,79.29122198,5.614471478,105.4220251,banana,244,81.33333333333333,20.055854416948474,71.90212,High
96,86,51,29.90888522,76.98740841,6.257369799,91.99964712,banana,233,77.66666666666667,23.026075615199524,68.392525,High
113,85,45,27.94972463,76.63713353,6.037430836,109.0921631,banana,243,81.0,21.419867785960395,71.60724,High
105,93,46,25.01018457,78.76260938,5.760457558,108.3690513,banana,244,81.33333333333333,19.698673978086134,71.6527,High
85,89,51,29.21144871,84.70189923,6.1581644220000005,108.5501443,banana,225,75.0,24.742651849967334,69.9586,High
108,94,47,27.35911627,84.54625006,6.387431382999999,90.81250457,banana,249,83.0,23.131106855840347,72.26672,High
92,81,52,28.0106804,76.52808057,5.891413895,103.7040783,banana,225,75.0,21.436036064717197,68.023,High
110,71,54,28.67208915,82.20793613,5.725418961,94.37987496,banana,235,78.33333333333333,23.570732735568658,69.33651,High
82,75,55,27.34585147,78.48738349999998,6.281069505,92.15524332,banana,212,70.66666666666667,21.463043314599282,65.284386,High
117,81,53,29.50704598,78.20585613,5.507641777999999,98.12565829,banana,251,83.66666666666667,23.07623792733175,72.028656,High
2,40,27,29.73770045,47.54885174,5.954626604,90.09586854,mango,69,23.0,14.139935097855814,34.63567,Low
39,24,31,33.55695561,53.72979826,4.757114897,98.67527561,mango,94,31.333333333333332,18.030084551450756,40.375046,Low
21,26,27,27.00315545,47.67525434,5.6995869720000005,95.85118326,mango,74,24.666666666666668,12.873823040613072,36.055267,Low
25,22,25,33.56150184,45.53556603,5.977413802999999,95.70525913,mango,72,24.0,15.282419831012865,34.185043,Low
0,21,32,35.89855625,54.25964196,6.430139436,92.19721736,mango,53,17.666666666666668,19.478428090059204,32.204067,Low
20,19,35,34.17719782,50.62161586,6.113935087000001,98.00687989,mango,74,24.666666666666668,17.301049792152696,35.898087,Low
19,21,34,30.01592643,53.19212381,5.074272692,97.72843182,mango,74,24.666666666666668,15.966108749364112,36.221695,Low
18,17,31,31.74592134,45.16127859,5.667507706,93.75441586,mango,66,22.0,14.336863977319661,34.57176,Low
11,36,33,35.99009679,52.22780489,5.978634285,95.3713484,mango,80,26.666666666666668,18.796837531203355,36.140736,Low
30,28,30,31.86641378,52.19331595,5.064613314,98.46768642,mango,88,29.333333333333332,16.632138026129738,38.61183,Low
18,19,27,27.75518664,52.34605806,4.772385986000001,94.11213345,mango,64,21.333333333333332,14.528746113235764,35.412327,Low
23,23,27,34.72413192,51.4271781,5.161148592,97.31258083,mango,73,24.333333333333332,17.85764116617735,35.787518,Low
37,30,34,27.53907547,53.63549533,6.797779227,99.35408185,mango,101,33.666666666666664,14.770719537637026,41.726814,Low
11,27,30,27.69637763,48.56224879999999,6.39474303,89.85646496,mango,68,22.666666666666668,13.44998381326814,34.978966,Low
12,19,31,27.25373364,52.66319725,5.566704378,91.87312479,mango,62,20.666666666666668,14.352687504822807,34.95758,Low
3,28,33,30.33723921,48.88704844,5.755049971,94.42850522,mango,64,21.333333333333332,14.830980827951374,33.891087,Low
37,38,32,31.85744939,45.53106268,5.417340525,91.55845821,mango,107,35.666666666666664,14.505035250010176,40.370483,Low
26,37,30,35.39986338,49.45962621,6.166173833999999,97.41054011,mango,93,31.0,17.508640106598673,38.764313,Low
14,18,30,29.80747243,52.13797867,5.191265116,95.74606104,mango,62,20.666666666666668,15.541013617619534,34.932465,Low
40,16,35,34.16438906,54.16482251,4.954739564,98.33351125,mango,91,30.333333333333332,18.505080695974858,39.769962,Low
4,20,25,28.93270187,47.94053996,5.664587011,99.9834242,mango,49,16.333333333333332,13.870493501495018,32.917175,Low
36,25,33,27.98392787,53.33018851,5.548584852,99.61465679,mango,94,31.333333333333332,14.923881485573427,40.80749,Low
30,17,31,31.20478173,54.49960506,6.804437106,94.62954663,mango,78,26.0,17.006482802685035,37.39902,Low
28,37,28,32.13409675,50.52559148,6.097869767000001,98.63333684,mango,93,31.0,16.235942449692956,39.35101,Low
38,15,30,28.91862016,48.13974548,5.075504537,97.01331604,mango,83,27.666666666666668,13.92135014135197,37.763496,Low
12,37,30,31.09779147,47.41196659,4.546466109,90.28624348,mango,79,26.333333333333332,14.744074501984269,35.582344,Low
38,19,31,34.73823882,49.08864345,5.855119267999999,90.65022183,mango,88,29.333333333333332,17.052530195159285,37.059635,Low
8,33,29,29.98080499,49.48613279,6.442393461,91.82271568,mango,70,23.333333333333332,14.836340968862347,35.16886,Low
15,27,28,33.80398664,46.12866113,4.507523551,90.82549241,mango,70,23.333333333333332,15.593326445596071,33.814205,Low
34,16,25,30.07202564,50.96040505,6.10729559,92.09609766,mango,75,25.0,15.324826072883855,36.435204,Low
11,36,31,27.92063282,51.77965917,6.47544932,100.2585673,mango,78,26.0,14.457208512303161,37.39671,Low
33,29,34,31.40948821,49.21729127,6.832979508999999,92.99739415,mango,96,32.0,15.458899298732009,39.228413,Low
12,31,26,35.7877738,51.94190321,5.395275719,100.2160615,mango,69,23.0,18.588850828209736,34.960007,Low
12,34,28,33.36140093,45.02236377,6.13526938,98.81596545,mango,74,24.666666666666668,15.020091285472763,35.194565,Low
5,16,31,35.96054636,48.69677802,4.555688532,98.00644238,mango,52,17.333333333333332,17.51162743570839,31.553383,Low
1,30,29,28.33333307,51.39586505,6.4341977560000005,91.67241761,mango,60,20.0,14.562161628824219,34.60448,Low
16,35,31,32.27652024,50.19368841,5.316875978000001,95.99487068,mango,82,27.333333333333332,16.200775998856187,37.21978,Low
35,18,26,31.99490489,50.84881347,5.279388967,97.38741498,mango,79,26.333333333333332,16.269029507420008,37.62769,Low
4,40,26,27.58258929,48.56916221,6.720041791,95.8445641,mango,70,23.333333333333332,13.396632533978188,35.599243,Low
9,29,34,29.38471637,45.88744691,5.72742254,100.8124659,mango,72,24.0,13.48389612393783,36.176884,Low
2,38,33,32.38697531,53.2328243,4.691396195,90.21633216,mango,73,24.333333333333332,17.240501662856676,35.643036,Low
26,32,32,30.91471455,49.92963856,6.810186079,90.14047759,mango,90,30.0,15.435605236670732,38.321262,Low
34,38,31,35.37775595,45.58110023,6.454045329,97.41586402,mango,103,34.333333333333336,16.125570398694286,39.157253,Low
5,32,33,32.32362177,52.58967710000001,5.842763773,93.36718816,mango,70,23.333333333333332,16.99888831586831,35.330166,Low
31,29,26,28.22373428,47.40519056,5.024124683999999,97.76832322,mango,86,28.666666666666668,13.379515018582044,38.07007,Low
34,34,35,27.27433181,47.16808054,6.422710539,95.257992,mango,103,34.333333333333336,12.864778794887638,40.553196,Low
36,19,32,27.10710832,50.70880979,4.94295037,92.37238878,mango,87,29.0,13.745691997558062,38.84064,Low
7,17,26,34.89226666,48.75613373,6.414526606,91.63074547,mango,50,16.666666666666668,17.012120194177804,31.077158,Low
38,15,27,33.7462686,48.50387598,6.777788126,92.26439205,mango,80,26.666666666666668,16.36824826962168,36.28366,Low
5,19,25,27.351105600000004,54.43945147,6.441328044,96.27792547,mango,49,16.333333333333332,14.889791859620454,34.03302,Low
37,36,26,32.89300162,52.61323969,4.650536197,94.49161372,mango,99,33.0,17.306073783566184,40.36689,Low
21,31,32,35.38598705,51.42664176,5.254532213,90.29643888,mango,84,28.0,18.19782479344349,37.00494,Low
37,36,27,27.552973600000005,47.90859131,5.910634533,90.40332704,mango,100,33.333333333333336,13.200241515776197,39.97897,Low
23,23,30,32.82141065,47.45553843,4.755273631000001,90.89173106,mango,76,25.333333333333332,15.575577144278862,35.240967,Low
36,26,26,30.17294105,51.0845903,6.814630246,95.23444287,mango,88,29.333333333333332,15.413723316853018,38.3158,Low
24,33,35,29.26382931,54.82257868,5.342866119,100.7586226,mango,92,30.666666666666668,16.04318584825565,39.97626,Low
26,18,30,32.06097197,51.08494181,6.336234623999999,96.59816497,mango,74,24.666666666666668,16.37832887459491,36.90541,Low
22,17,26,28.69818144,47.71875722,4.754435025,99.642454,mango,65,21.666666666666668,13.6944155279087,35.319927,Low
11,34,32,29.14305008,49.40983294,6.831706773,97.55155537,mango,77,25.666666666666668,14.399532358148535,36.689354,Low
29,35,28,28.347161100000005,53.53903102,6.9674177660000005,90.40260445,mango,92,30.666666666666668,15.176795374618377,39.70451,Low
22,28,26,27.67256197,45.41692012,4.947683034,92.84991507,mango,76,25.333333333333332,12.5680253650724,35.89016,Low
23,24,32,28.1218093,46.16888595,5.630619901,93.30247448,mango,79,26.333333333333332,12.983526062793494,36.670265,Low
1,35,34,30.79375683,46.69536813,6.27339822,92.21318555,mango,70,23.333333333333332,14.379258112825516,34.800594,Low
2,24,34,28.89409382,54.80750249,6.472774648,94.76322976,mango,60,20.0,15.836131189859435,35.079266,Low
39,37,25,33.33024826,45.61143594,6.953246506,98.28583013,mango,101,33.666666666666664,15.202404833752864,39.533577,Low
15,36,27,27.78912455,53.96886679,5.6437102160000014,91.01152997,mango,78,26.0,14.997475610496688,37.58152,Low
3,18,31,31.65333432,48.20662669,6.392313972999999,91.09745581,mango,52,17.333333333333332,15.25900471058005,32.632896,Low
8,38,32,29.75150773,46.73723302,4.981816523,91.405983,mango,78,26.0,13.905031494733413,35.846252,Low
33,31,34,31.32995611,50.22287593,5.421265282999999,89.78216168,mango,98,32.666666666666664,15.734804986048754,39.712837,Low
14,29,32,35.63627319,48.97047762,6.942520105,97.51952041,mango,75,25.0,17.451253187111007,35.531517,Low
18,20,26,31.66524687,51.98594645,5.435840509,89.98024312,mango,64,21.333333333333332,16.461478281098504,34.8809,Low
9,21,32,32.26935342,53.56092806,5.870116071,95.94035356,mango,62,20.666666666666668,17.28376517071335,34.810215,Low
20,30,27,27.81005614,51.59445462,4.74910393,95.89898581,mango,77,25.666666666666668,14.348446794948824,37.605774,Low
9,38,25,34.58561471,50.34035336,5.497946899,100.3060719,mango,72,24.0,17.41052065674214,35.03539,Low
26,24,34,31.27180992,52.23810152,6.811291098,89.74409017,mango,84,28.0,16.33579981315103,37.691677,Low
31,36,29,33.93679864,52.72170281,6.460542749,97.4611918,mango,96,32.0,17.892058122208923,40.305702,Low
14,18,35,31.09154239,47.02058367,4.791146778,91.46664318,mango,67,22.333333333333332,14.619424703783467,34.276405,Low
40,16,35,31.89356292,49.02450149,6.4841522000000005,89.59371481,mango,91,30.333333333333332,15.635660228929487,38.119602,Low
28,27,34,32.45465292,50.69693751,6.526654345,95.04871605,mango,89,29.666666666666668,16.45351510993979,38.719196,Low
0,17,30,35.47478322,47.97230503,6.279133738,97.79072474,mango,47,15.666666666666666,17.018071215029657,31.10884,Low
1,29,29,27.32961444,49.30347234,6.052026047000001,93.53197359,mango,59,19.666666666666668,13.474448896054046,34.466,Low
2,36,31,30.90225239,49.95955487,5.73171945,91.77522598,mango,69,23.0,15.438627738847936,34.914124,Low
12,27,26,29.09382275,45.5661059,5.32307197,96.23520043,mango,65,21.666666666666668,13.256922084623291,34.392384,Low
7,28,35,30.02086169,46.78393776,4.66910839,96.63721027,mango,70,23.333333333333332,14.044941248065284,35.353542,Low
0,36,26,34.13072188,51.25786185,5.101206389,96.38808001,mango,62,20.666666666666668,17.494678269658124,33.729576,Low
26,35,31,33.44619894,53.05980465,5.339556562,98.05089394,mango,92,30.666666666666668,17.74648782041437,39.557835,Low
27,21,30,35.3915464,52.48823147,5.061081874,91.22881052,mango,78,26.0,18.576396795244456,36.65478,Low
22,38,31,31.53356352,53.06009323,5.8211060360000015,98.57025046,mango,91,30.333333333333332,16.731738202453272,38.942753,Low
22,18,31,30.764551500000003,47.93791463,5.956027059,90.38503469,mango,71,23.666666666666668,14.747884434372386,34.981773,Low
28,23,28,30.01821337,50.09831810000001,5.676032581,96.08745082,mango,79,26.333333333333332,15.038620022039334,37.41734,Low
7,31,27,31.32863689,47.59319575,6.524114355,94.67344737,mango,65,21.666666666666668,14.910299480864412,33.870495,Low
29,34,26,33.88004781,54.39416048,6.2739536760000005,89.29147581,mango,89,29.666666666666668,18.428767576472126,38.597603,Low
8,37,33,28.07802689,54.9640534,6.128167757000001,97.45373619,mango,78,26.0,15.432821693485959,37.61102,Low
39,16,27,35.53845018,52.94641947,4.934964765,91.54560427,mango,82,27.333333333333332,18.81633690543977,37.14534,Low
40,24,25,28.70595247,50.44030129,5.445008416,95.8946444,mango,89,29.666666666666668,14.479368914032198,39.319996,Low
19,38,26,31.48451729,48.77926304,4.525722333,93.17221967,mango,83,27.666666666666668,15.357915505763378,36.49869,Low
21,21,30,27.69819273,51.41593238,5.403908327999999,100.7720705,mango,72,24.0,14.241284044538874,36.859966,Low
22,18,33,30.41235793,52.48100602,6.621623545,93.92375879,mango,73,24.333333333333332,15.960711396067246,35.96465,Low
31,20,30,32.17752026,54.01352682,6.207495815,91.88766069,mango,81,27.0,17.380213535646035,38.09012,Low
18,26,31,32.611261400000004,47.74916499,5.418475257000001,91.10190759,mango,75,25.0,15.571605011206184,35.38091,Low
24,130,195,29.99677232,81.54156612,6.112305667,67.12534492,grapes,349,116.33333333333333,24.45983793517866,85.94032,High
13,144,204,30.7280404,82.42614055,6.092241627000001,68.38135469,grapes,361,120.33333333333333,25.32793776836478,87.94067,High
22,123,205,32.44577836,83.88504863,5.896343436,68.73932528,grapes,350,116.66666666666667,27.217156955668017,86.15198,High
36,125,196,37.46566825,80.65968681,6.15526103,66.83872293,grapes,357,119.0,30.219690671723605,85.79782,High
24,131,196,22.03296178,83.74372787,5.732453638,65.34440794,grapes,351,117.0,18.45122355474431,85.174225,High
2,123,198,39.64851881,82.21079946,6.253034534,70.39906054,grapes,323,107.66666666666667,32.59536428774948,79.5201,High
35,140,197,16.77557314,82.75241875,6.106190557000001,66.76285469,grapes,372,124.0,13.882192532525323,88.28052,High
11,122,195,12.14190714,83.56812483,5.647202395,69.63122027,grapes,328,109.33333333333333,10.146764115497882,81.06223,High
6,123,203,12.7567962,81.62497448,6.130310493,66.77844567,grapes,332,110.66666666666667,10.41273164271561,80.91084,High
17,134,204,39.04071989,80.18393287,6.499604931,73.88467027,grapes,355,118.33333333333333,31.30438462856234,85.82009,High
25,130,197,39.70772192,82.68593454,5.554831977,74.91506217,grapes,352,117.33333333333333,32.83270095409643,86.68764,High
27,145,205,9.467960445,82.29335466,5.800242694,66.02765219,grapes,377,125.66666666666667,7.791502268072365,87.716,High
9,122,201,29.58748357,80.91934392,5.570290539,68.06417307,grapes,332,110.66666666666667,23.941997587281794,82.873116,High
16,139,203,17.82803682,80.96093443,6.27564088,65.84748763,grapes,358,119.33333333333333,14.433745199996459,85.71108,High
32,141,204,8.825674745,82.89753705,5.536645599,67.235765,grapes,377,125.66666666666667,7.3162669916488685,87.95254,High
22,138,195,27.83487131,83.51444973,6.208196881,73.02882766,grapes,355,118.33333333333333,23.246139607600142,87.49123,High
31,144,202,11.02105378,80.55557235,5.870600622,68.23963161,grapes,377,125.66666666666667,8.878072951480311,87.75065,High
3,136,205,17.5862944,80.84806564,6.334771461,71.40654520000002,grapes,344,114.66666666666667,14.218178840155645,84.21116,High
28,122,197,19.89363946,82.73366439,5.856575335,69.66256816,grapes,347,115.66666666666667,16.458736905793007,85.072464,High
4,136,204,29.93707596,81.77713468,5.898944282,65.52279323,grapes,344,114.66666666666667,24.48168292706311,84.92891,High
39,145,201,36.73126647,80.58931938,5.775600435,72.24230804,grapes,385,128.33333333333334,29.601477647827156,89.35687,High
38,132,197,20.42094753,81.54185044,5.931101816,66.93065667,grapes,367,122.33333333333333,16.651618493343474,87.42284,High
36,133,198,25.51939719,83.98351748,6.2286454,69.17281221,grapes,367,122.33333333333333,21.432087399854282,90.68148,High
25,121,201,30.50734778,82.71775569,5.594240602999999,70.08200379,grapes,347,115.66666666666667,25.23499340415904,85.888275,High
15,125,199,18.426993600000007,80.55625868,5.569230319,69.75734306,grapes,339,113.0,14.84409663136305,82.72973,High
24,140,205,12.087022,83.59398734,5.93202852,68.66813363,grapes,369,123.0,10.104023640463014,87.27086,High
13,132,203,23.60115364,82.48336987,6.423216506,73.23901752,grapes,348,116.0,19.46702685046817,85.95568,High
5,126,197,12.80000387,81.20876367,6.417500829,67.10439401,grapes,328,109.33333333333333,10.394724892539152,80.453865,High
30,120,200,38.06099482,82.24729637,6.234904253,65.70148216,grapes,350,116.66666666666667,31.304139210975745,84.71242,High
23,142,197,39.06555518,82.03812973,6.000573725,69.30772897,grapes,362,120.66666666666667,32.04865083831313,86.67928,High
26,135,203,33.78372897,81.16314317,5.6851027689999984,74.53557341,grapes,364,121.33333333333333,27.419936312085866,87.91125,High
7,126,203,16.76201707,82.00335557,5.662140095,73.28712806,grapes,336,112.0,13.745416458616194,82.69793,High
32,139,198,35.89307536,82.66850729,6.358186848,66.53946559,grapes,369,123.0,29.67226962058679,87.830795,High
9,141,202,21.01245395,81.17931863,6.119495295,66.38448261,grapes,352,117.33333333333333,17.05776694405252,85.13232,High
20,142,196,10.89875873,80.01639435,6.207600782999999,68.69420397,grapes,358,119.33333333333333,8.720793764651852,84.63834,High
32,129,201,16.36251869,83.00471609,6.48754639,71.55665483,grapes,362,120.66666666666667,13.581662183807689,87.06388,High
3,134,199,20.28370163,81.32235739,5.81717753,71.06611222,grapes,336,112.0,16.495184331469854,82.87381,High
38,138,204,25.11108456,83.25447587,6.325480034,73.01026829,grapes,380,126.66666666666667,20.906101835700493,91.56012,High
14,131,198,33.4641162,83.86742974,5.562790949,67.92204319,grapes,343,114.33333333333333,28.06549414214696,84.74295,High
20,122,204,11.7976469,80.86325389,6.487369687,65.06962486,grapes,346,115.33333333333333,9.539961165792715,82.83353,High
40,126,201,11.36300891,80.03100049,6.116982944,71.18289431,grapes,367,122.33333333333333,9.093929716440842,86.79587,High
36,128,204,25.23542319,80.68700527,5.695792761,67.03840888,grapes,368,122.66666666666667,20.3617072392221,88.560455,High
11,132,197,15.99050693,81.23966573,5.7343170070000005,74.40198861,grapes,340,113.33333333333333,12.990634378464485,82.60822,High
0,137,195,22.4359017,80.18612085,6.329499832000001,65.3973168,grapes,332,110.66666666666667,17.990479250949203,82.07981,High
19,123,200,34.76086052,81.03544763,6.167013532,65.70430027,grapes,342,114.0,28.168618922421942,83.603004,High
31,136,197,31.11047251,83.34010951,5.653776057999999,71.43001582,grapes,364,121.33333333333333,25.927501858912446,88.70094,High
4,134,200,28.57828803,80.95628959,5.840256272,73.34232097,grapes,338,112.66666666666667,23.135921617431105,83.842064,High
39,139,201,41.18664903,81.01783402,5.5399808120000005,68.68895899,grapes,379,126.33333333333333,33.368530949525336,88.48509,High
8,127,196,27.02766138,83.17093908,5.833302165,70.95666003,grapes,331,110.33333333333333,22.47915978110849,83.638695,High
39,138,203,21.19339319,82.33098331,6.399433771,74.62834921,grapes,380,126.66666666666667,17.448729010081575,91.73794,High
32,120,204,10.38004759,83.44518113,6.138958698,67.39173790000001,grapes,356,118.66666666666667,8.6616495128557,85.51669,High
12,142,203,31.3115978,82.56407013,5.972850837999999,65.01095312,grapes,357,119.0,25.852129566415538,86.302414,High
8,133,195,20.46657776,80.97598029,6.456079585,71.29813872,grapes,336,112.0,16.573011972975124,82.9676,High
8,139,199,29.36947679,81.53996362,6.3364266670000005,66.13442813,grapes,346,115.33333333333333,23.947860689950343,85.17458,High
21,134,202,10.72302459,80.02130636,6.425419926,65.29821120000001,grapes,357,119.0,8.580704358222032,83.86313,High
40,140,195,14.97846952,80.49979873,6.2943956760000015,71.63437433,grapes,375,125.0,12.057637816434397,88.56708,High
39,127,202,15.3246651,81.67215994,6.477768039,71.60102999,grapes,368,122.66666666666667,12.51598499074136,87.43222,High
19,120,195,18.73932187,81.12109244,5.931538447,73.55807954,grapes,334,111.33333333333333,15.201542616791837,82.77273,High
21,139,201,19.3642553,83.36094029,5.980598579,67.15094741,grapes,361,120.33333333333333,16.14222529823616,87.15667,High
17,136,195,41.20733624,81.61051026,6.389783283,65.90227462,grapes,348,116.0,33.62951737001789,83.845634,High
33,139,203,33.34214482,82.51034633,5.693287415,70.68098614,grapes,375,125.0,27.510719164832157,90.072525,High
22,133,201,23.81995682,80.12211649,6.00299607,67.27398640000001,grapes,356,118.66666666666667,19.0850535511881,86.237915,High
32,130,196,40.66012294,81.24995984,6.372959542,74.03030056,grapes,358,119.33333333333333,33.036333559644625,85.79373,High
37,135,205,11.82768186,80.2827185,5.510924848999999,74.10225057,grapes,377,125.66666666666667,9.495584532739365,88.29408,High
15,140,195,13.28504331,83.54193816,5.69945282,65.80006004,grapes,350,116.66666666666667,11.098582666569419,84.69912,High
39,132,196,35.83089092,83.32560104,5.778594403,73.67984885,grapes,367,122.33333333333333,29.856305217076784,88.13968,High
40,121,199,26.18159716,81.03886263,6.315586313,66.05911698,grapes,360,120.0,21.217268556832376,87.38893,High
40,132,202,24.57558351,80.70695797,5.9718130060000005,69.706113,grapes,374,124.66666666666667,19.834205854297952,89.93699,High
29,142,203,29.67229086,83.71498986,5.891195653,66.48490371,grapes,374,124.66666666666667,24.84015528467871,89.92446,High
32,121,199,39.37102553,81.25353895,6.129812716,74.08101744,grapes,352,117.33333333333333,31.990351564032995,84.97569,High
6,140,205,17.66558428,82.92903419,6.313085601,69.8671263,grapes,351,117.0,14.649898427424466,85.82894,High
8,120,196,24.06679352,82.66396666,6.053662544,69.81855775,grapes,324,108.0,19.89456617150384,82.58411,High
34,133,202,15.31413469,80.09711412,5.804799142,74.82144653,grapes,369,123.0,12.266179939139809,88.417854,High
35,135,199,21.77466746,80.54942557,6.400719746,69.39630398,grapes,369,123.0,17.53936955880771,88.22777,High
16,145,199,26.91624843,80.76838926,5.953966361,69.30927185,grapes,360,120.0,21.73982030613104,87.812256,High
8,136,201,41.65602996,82.22118237,5.6092559920000005,74.19664838,grapes,345,115.0,34.25008036151343,84.05279,High
25,129,195,17.98667801,81.17712085,5.777271492000001,72.37127689,grapes,349,116.33333333333333,14.601067345078071,85.33543,High
16,130,201,29.12033769,82.79092939,5.682395429,68.8503047,grapes,347,115.66666666666667,24.108998215057458,85.94742,High
39,129,203,34.38922481,83.18392806,5.863996687,71.03001556,grapes,371,123.66666666666667,28.60630802634207,89.09034,High
38,135,203,41.36106301,82.79782954,6.444373116,69.92107482,grapes,376,125.33333333333333,34.24606244695179,88.70451,High
33,120,205,35.12158265,82.26890793,5.550832177999999,69.71518491,grapes,358,119.33333333333333,28.89414249388735,86.438126,High
35,125,204,19.6491772,80.15215777,6.107741787999999,73.69529586,grapes,364,121.33333333333333,15.74923950985087,87.48231,High
1,132,200,16.27852801,82.94270065,5.620745638,66.57462809,grapes,333,111.0,13.501850757560701,82.17168,High
39,140,203,21.11903604,80.63399198,6.349875906,69.27779761,grapes,382,127.33333333333333,17.029121826746913,90.18674,High
28,145,202,19.2077707,82.90428409999998,6.484323189,66.83113717,grapes,375,125.0,15.924064790404557,89.01082,High
6,128,200,25.96308415,82.57813624,5.838748311,70.31782647,grapes,334,111.33333333333333,21.43983100149285,83.98568,High
6,139,199,25.67385024,81.6212135,6.29099842,74.10919422,grapes,344,114.66666666666667,20.95530811806066,85.34724,High
29,122,196,41.94865736,81.15595212,5.638328481,73.06862952,grapes,347,115.66666666666667,34.04383228206446,84.22937,High
37,144,197,11.18994268,80.8084305,6.415555956,66.34234944,grapes,378,126.0,9.042417053557637,87.8372,High
38,120,197,17.5438296,82.94703302,6.323722572,73.77063744,grapes,355,118.33333333333333,14.552086131284534,86.33634,High
38,141,198,13.05809741,80.28297993,5.757009965,70.75633584,grapes,377,125.66666666666667,10.48342972291015,88.36114,High
14,121,203,9.724457611,83.74765639,6.1586894060000015,74.46411148,grapes,338,112.66666666666667,8.144005345851483,82.20189,High
6,125,204,27.92004934,82.93262435,5.7335398070000005,69.92092839,grapes,335,111.66666666666667,23.15482963747685,83.91469,High
32,138,197,9.535585543,80.73112694,5.908724337000001,69.44115171,grapes,367,122.33333333333333,7.698185669191617,86.72994,High
11,124,204,13.42988625,80.06633966,6.361141107000001,71.40043037,grapes,339,113.0,10.752818340876637,81.75867,High
23,138,200,9.851242629,80.22631717,5.96537863,68.42802444,grapes,361,120.33333333333333,7.903289156727786,85.981766,High
40,143,201,24.97256132,82.72828653,6.476757723,66.70016285,grapes,384,128.0,20.65937208268955,91.541595,High
6,142,202,27.23708304,82.94573346,6.224542938,70.42508897,grapes,350,116.66666666666667,22.591998300637265,86.84225,High
37,124,195,18.70679077,83.4795292,6.209928251,66.5964488,grapes,356,118.66666666666667,15.616340863225057,86.267494,High
35,134,204,9.949929082,82.55138983,5.841138354,66.00817551,grapes,373,124.33333333333333,8.21380474429036,87.423355,High
119,25,51,26.47330219,80.92254421,6.283818329,53.65742581,watermelon,195,65.0,21.422869668549648,58.63235,High
119,19,55,25.18780042,83.44621709,6.818261382999999,46.87420883,watermelon,193,64.33333333333333,21.01826661866913,58.208057,High
105,30,50,25.29954705,81.77527562,6.37620108,57.04147057,watermelon,185,61.666666666666664,20.68877433074908,57.63929,High
114,8,50,24.74631269,88.30866319,6.581587932000001,57.95826144,watermelon,172,57.333333333333336,21.853137925356332,56.723038,High
93,22,52,26.58740671,81.32563243,6.932739726,41.87540028,watermelon,167,55.666666666666664,21.622376653643755,53.09005,Medium
80,26,55,24.53442564,88.989272,6.140099215,49.11618732,watermelon,161,53.666666666666664,21.833006766417338,54.357674,Medium
85,27,45,26.0713757,88.7285657,6.467095849,57.79652846,watermelon,157,52.333333333333336,23.132757716868337,54.52071,Medium
85,22,53,25.96534238,89.77076659,6.849471704,59.46338556,watermelon,160,53.333333333333336,23.30928690224415,55.357113,Medium
82,22,45,26.22338015,85.34866045,6.512196212,54.60159289,watermelon,149,49.666666666666664,22.381303682736203,51.845963,Medium
118,13,54,24.41311871,89.81574032,6.039584629,44.07843475,watermelon,185,61.666666666666664,21.926823304586932,57.78401,High
83,25,53,26.49195283,80.04678201,6.057697106,57.72799157,watermelon,161,53.666666666666664,21.205955732022126,53.51408,Medium
86,15,47,24.04355803,84.18406764,6.423898762,53.78929956,watermelon,148,49.333333333333336,20.24084515503785,50.603523,Medium
101,10,47,25.5421695,83.31883376,6.936997681,57.57343233,watermelon,158,52.666666666666664,21.281437744402425,53.495003,Medium
119,9,50,26.74550678,83.9195902,6.251286661,40.794305,watermelon,178,59.333333333333336,22.444719686689215,55.926678,High
104,17,46,25.7131428,80.22972777,6.190015912000001,43.08961827,watermelon,167,55.666666666666664,20.629584469551354,53.198456,Medium
95,12,51,25.76484262,84.17269959999999,6.681606702000001,44.22066914,watermelon,158,52.666666666666664,21.686963580945367,52.41743,Medium
102,14,52,26.79489868,89.64815231,6.51075991,57.74091817,watermelon,168,56.0,24.021131579956577,56.128445,High
109,21,55,24.9004602,89.73524177,6.770278088,57.44942094,watermelon,185,61.666666666666664,22.34448816231263,58.843933,High
81,18,50,26.80750629,88.22874955,6.429788072999999,58.79889057,watermelon,149,49.666666666666664,23.6519275852046,52.783142,Medium
103,17,51,25.11189154,80.02621335,6.209888345,44.20656987,watermelon,171,57.0,20.096095900021,53.68161,High
105,14,50,26.2148837,87.68839820000002,6.419052193,59.65590798,watermelon,169,56.333333333333336,22.9874116065229,55.994366,High
97,8,52,24.9103226,86.97190046,6.237861736,49.48575692,watermelon,157,52.333333333333336,21.66498097593688,53.392094,Medium
120,19,49,25.79448878,84.26830701,6.762471628999998,56.45229202,watermelon,188,62.666666666666664,21.736578996790403,58.676125,High
95,16,55,25.26931156,87.55055105,6.612847999,40.12650421,watermelon,166,55.333333333333336,22.123421517321347,53.985355,Medium
83,29,52,25.76402693,87.5931128,6.704688865,46.05122728,watermelon,164,54.666666666666664,22.567513170617275,54.633068,Medium
83,9,45,25.85483596,89.13163965,6.049609892,46.85176955,watermelon,137,45.666666666666664,23.044839219965816,50.45942,Medium
91,21,50,24.33528185,81.44030363,6.762030215,48.32113628,watermelon,162,54.0,19.818727427856285,52.83935,Medium
116,5,54,25.37601283,80.99313508,6.65398725,57.23028471,watermelon,175,58.333333333333336,20.55282834932003,55.639755,High
112,28,54,24.86094646,85.05318563,6.738030547,55.29563514,watermelon,194,64.66666666666667,21.14502694199872,59.20183,High
88,29,51,24.71885473,88.94568335,6.095689937,48.45978627,watermelon,168,56.0,21.986354255892298,55.018543,High
118,15,45,24.21495706,84.20576992,6.538006356,48.01138482,watermelon,178,59.333333333333336,20.390391028170395,55.98792,High
92,21,48,25.81692236,82.043255,6.377427122,54.82963379,watermelon,161,53.666666666666664,21.181043444966818,53.77363,Medium
106,14,45,24.47018505,84.16390229,6.417011754,57.26773002,watermelon,165,55.0,20.59506263566419,54.730602,Medium
99,5,47,24.13078816,84.84494575,6.649086972,51.19470197,watermelon,151,50.333333333333336,20.473754123399424,51.746437,Medium
98,8,51,26.1793464,86.52258079,6.25933595,49.43050977,watermelon,157,52.333333333333336,22.65104613923396,53.225773,Medium
108,22,46,26.17668721,86.72952049999998,6.121168559,53.33484977,watermelon,176,58.666666666666664,22.70291530001782,56.657604,High
119,7,55,26.03867719,84.6378378,6.031424482,44.3993381,watermelon,181,60.333333333333336,22.038573365337797,56.77823,High
117,27,48,26.53259325,82.39053979,6.835268183999999,54.30660782,watermelon,192,64.0,21.86034679896011,58.765884,High
109,10,53,26.81938687,87.8274604,6.5517503060000015,46.06193778,watermelon,172,57.333333333333336,23.55478638277205,55.823536,High
80,16,46,25.50405534,81.40297428,6.940236218,48.47833278,watermelon,142,47.333333333333336,20.761059608777163,49.5957,Medium
100,18,52,26.20234499,80.38266489,6.87606733,56.47941847,watermelon,170,56.666666666666664,21.062143166633405,54.756187,High
91,7,53,25.13735887,89.28272716,6.457216535,43.52897517,watermelon,151,50.333333333333336,22.443319535132158,51.947815,Medium
86,6,53,25.92030221,83.47202566,6.921847887999999,42.10681516,watermelon,145,48.333333333333336,21.636201311880747,49.39467,Medium
107,5,52,26.6634609,89.98405233,6.8814257460000015,57.40847165,watermelon,164,54.666666666666664,23.99286260924509,55.843616,Medium
103,16,49,24.06731461,81.64075303,6.915717008,51.75212401,watermelon,168,56.0,19.648736881703208,53.983562,High
101,20,48,24.6774157,82.75411437,6.206247493999999,57.05709413,watermelon,169,56.333333333333336,20.421576811938337,55.14588,High
85,25,47,26.11440416,87.64081095,6.29542477,58.48160844,watermelon,157,52.333333333333336,22.886875580584537,54.480576,Medium
84,7,51,26.81530456,87.65694462,6.399669044,55.74073582,watermelon,142,47.333333333333336,23.505476667843535,51.489185,Medium
102,28,54,25.15623099,80.27525115,6.862157042000001,55.49541453,watermelon,184,61.333333333333336,20.194227607096632,57.068882,High
98,25,52,25.2801372,83.15393658,6.224066378,49.29456609,watermelon,175,58.333333333333336,21.021429254624987,55.031143,High
97,25,50,26.22005978,80.90127035,6.093814669,49.08553937,watermelon,172,57.333333333333336,21.21236144854942,54.718338,High
90,16,45,24.92093261,80.61750795,6.291540277999999,50.55710813,watermelon,151,50.333333333333336,20.090634828080894,51.14309,Medium
95,12,46,26.21667586,81.01009354,6.32281728,54.65423596,watermelon,153,51.0,21.2381536372646,51.989292,Medium
82,23,49,26.81383586,87.21986949,6.873283991,51.70497792,watermelon,154,51.333333333333336,23.386992642354816,53.252716,Medium
82,25,51,24.31334971,87.47409052,6.074209622000001,48.11248366,watermelon,158,52.666666666666664,21.26788153376956,53.120964,Medium
110,28,46,24.29105004,88.04541346,6.49889585,51.26046418,watermelon,184,61.333333333333336,21.387155441493498,57.93866,High
118,21,51,24.42998931,86.33904774,6.678805092,48.58241822,watermelon,190,63.333333333333336,21.092620133237798,58.309345,High
120,20,45,25.66576039,88.6984228,6.114128685,54.22722466,watermelon,185,61.666666666666664,22.765124665557128,58.7321,High
91,7,52,25.07803672,83.46230461,6.405054243,56.39962921,watermelon,150,50.0,20.930707397454054,52.04499,Medium
81,6,55,24.88910524,85.87059083,6.110142735,51.70699144,watermelon,142,47.333333333333336,21.372421721888486,50.632816,Medium
101,13,54,25.42900869,82.91481799,6.828982708,56.34144589,watermelon,168,56.0,21.08441627197478,54.75445,High
101,17,55,24.37118217,87.1269128,6.451499763999999,44.63907691,watermelon,173,57.666666666666664,21.233858637585048,54.847576,High
111,6,53,26.493064500000006,88.59143088,6.313512998999999,46.06382209,watermelon,170,56.666666666666664,23.47058492451132,55.409206,High
107,10,49,25.83202912,89.00481725,6.755192025,45.24690619,watermelon,166,55.333333333333336,22.991750310222784,54.682003,Medium
115,11,46,24.41592661,89.39655519,6.623167177000001,40.32161859,watermelon,172,57.333333333333336,21.826997307058544,55.37632,High
84,25,52,24.37190239,81.2514818,6.12532356,44.20899581,watermelon,161,53.666666666666664,19.80253183472461,52.32316,Medium
120,7,47,24.24782473,83.03687902,6.653867608,54.76576239999999,watermelon,174,58.0,20.134636886031743,55.141224,High
91,12,46,24.64458469,85.49938185,6.343942518,48.31219031,watermelon,149,49.666666666666664,21.07096756944974,50.89392,Medium
89,22,52,24.89681131,86.10782926,6.217300786,53.14626213,watermelon,163,54.333333333333336,21.43810377399917,54.513165,Medium
113,19,46,25.41864024,81.12122989,6.286387658,49.52320689,watermelon,178,59.333333333333336,20.619913584002447,56.12246,High
97,22,50,26.26028739,86.14585891,6.769893799999998,58.97878791,watermelon,169,56.333333333333336,22.62215012434992,55.963947,High
117,30,50,24.90123934,87.20772913,6.744966312000001,46.59207341,watermelon,197,65.66666666666667,21.715805353640203,59.208103,High
90,14,52,24.84740848,89.20454622,6.391858432,59.67927244,watermelon,156,52.0,22.165017982013797,54.361275,Medium
104,23,47,26.98212846,86.70068316,6.770434148,42.91292205,watermelon,174,58.0,23.393689705928786,55.391,High
81,16,45,26.90435747,86.25426228,6.727468157000001,59.75980023,watermelon,142,47.333333333333336,23.206155056922576,51.261513,Medium
88,5,47,25.86475496,86.67468041,6.662244646,41.16554802,watermelon,140,46.666666666666664,22.41819370040962,49.7053,Medium
92,7,45,26.70607759,81.14149505,6.944640222,51.51033554,watermelon,144,48.0,21.669710625739008,50.502712,Medium
81,18,50,26.44019475,80.91934337,6.507110986,47.81847573,watermelon,149,49.666666666666664,21.395231977449217,50.349525,Medium
111,5,55,26.283443,84.42478917,6.520663422,50.78669728,watermelon,171,57.0,22.18974133936712,54.694004,High
108,23,51,26.84366082,83.85039964,6.106500787000001,40.228644,watermelon,182,60.666666666666664,22.508516875576102,56.27568,High
113,30,50,26.03967219,83.9862443,6.277484042999999,43.87712348,watermelon,193,64.33333333333333,21.869742700412562,58.03538,High
83,10,53,24.92994759,85.00802358,6.195142279,48.75859458,watermelon,146,48.666666666666664,21.19245572578884,50.50596,Medium
101,11,51,25.50736962,84.24340241,6.792035575,44.2068997,watermelon,163,54.333333333333336,21.488276033182686,53.164425,Medium
114,21,55,25.4438391,87.93923120000002,6.472756256,57.51549686,watermelon,190,63.333333333333336,22.375116492305004,59.5088,High
99,6,45,26.12588914,86.5507939,6.000975617000001,40.71210074,watermelon,150,50.0,22.612164464103884,51.172626,Medium
92,20,55,25.10474753,87.52676159999999,6.5877912620000005,59.26519444,watermelon,167,55.666666666666664,21.973372520864988,55.72609,Medium
92,7,48,26.27520631,86.63249555,6.956508826,54.38748495,watermelon,147,49.0,22.76286693726407,51.633717,Medium
91,24,55,26.27061608,83.09194521,6.259086582999999,46.76837499,watermelon,170,56.666666666666664,21.828765919523054,54.539856,High
110,21,54,26.73690828,87.82430156,6.747537642,47.46447019,watermelon,185,61.666666666666664,23.481502955647812,58.07157,High
112,25,51,25.04746944,85.5667282,6.932537231,56.72496677,watermelon,188,62.666666666666664,21.43230009670286,58.781475,High
89,25,54,24.69368934,85.56967628,6.353107392999999,48.99390828,watermelon,168,56.0,21.130310029826866,54.603527,High
100,10,53,24.54356968,84.60808277,6.211748957,42.00660251,watermelon,163,54.333333333333336,20.765843749567026,52.88915,Medium
83,22,54,25.89762315,81.96664832,6.277245253999999,54.49960057,watermelon,159,53.0,21.22741369059941,53.826008,Medium
95,14,50,26.6333118,84.31756844,6.560443519,56.31866159,watermelon,159,53.0,22.456560904803595,54.2006,Medium
119,30,49,25.35794749,80.45846265,6.903020221,47.72078245,watermelon,198,66.0,20.40261471004826,58.313515,High
97,12,47,25.28784623,89.63667876,6.765094963999998,58.28697664,watermelon,156,52.0,22.66718549050787,54.4335,Medium
110,7,45,26.63838589,84.69546874,6.189213927000001,48.32428609,watermelon,162,54.0,22.561505794305518,53.753517,Medium
96,18,50,25.3310446,84.30533791,6.904241707000001,41.53218699,watermelon,164,54.666666666666664,21.35542274616281,53.175137,Medium
83,23,55,26.89750174,83.89241484,6.463271076,43.97193745,watermelon,161,53.666666666666664,22.56496374131702,53.173492,Medium
120,24,47,26.98603693,89.4138489,6.260838965,58.54876687,watermelon,191,63.666666666666664,24.1292542846884,59.89658,High
115,17,55,27.57826922,94.11878202,6.776533055,28.08253201,muskmelon,187,62.333333333333336,25.956331092060555,57.392548,High
114,27,48,27.82054812,93.03555162,6.528404377999999,26.32405487,muskmelon,189,63.0,25.88300040714954,57.72607,High
101,25,52,29.09910406,94.22237826,6.750145572,22.52497327,muskmelon,178,59.333333333333336,27.417867897684214,55.517582,High
118,18,52,28.04943594,90.83130708,6.562832807,20.76223014,muskmelon,188,62.666666666666664,25.477669292869283,57.062775,High
95,26,45,29.91690582,94.55695552,6.117530021,28.16057247,muskmelon,166,55.333333333333336,28.288515329177695,53.606297,Medium
81,25,49,29.86895762,93.25103208,6.076459669,26.26243014,muskmelon,155,51.666666666666664,27.853111252187805,52.387894,Medium
117,24,53,29.17220859,92.21405224,6.293486295,21.30290472,muskmelon,194,64.66666666666667,26.90087566874437,57.50874,High
114,30,51,29.24908541,90.06998135,6.069171847000001,25.93496537,muskmelon,195,65.0,26.34464577383257,57.863525,High
113,6,52,27.76317235,90.35567642,6.740983646,25.21609113,muskmelon,171,57.0,25.08560217249291,54.150764,High
108,26,52,28.82629037,94.26765349,6.201797639,26.23838511,muskmelon,186,62.0,27.173867520012838,57.07286,High
81,30,48,28.52379742,92.09688432,6.041027474,29.86681385,muskmelon,159,53.0,26.269528713568548,53.055584,Medium
115,9,52,29.06785065,90.97685539,6.019372459,29.1194739,muskmelon,176,58.666666666666664,26.445016450831677,55.061966,High
83,7,45,29.08417927,90.73891887,6.704104127000001,25.33014238,muskmelon,135,45.0,26.39066983181066,47.830364,Medium
84,21,55,28.47090661,94.79453182,6.494251024,21.08484101,muskmelon,160,53.333333333333336,26.988862625858932,52.622475,Medium
109,26,45,28.27973674,90.38971208,6.224535448999998,21.58992507,muskmelon,180,60.0,25.561972616267976,55.562542,High
95,27,55,28.47212559,91.21322065,6.160414414,20.88620369,muskmelon,177,59.0,25.970342738151814,54.343468,High
119,5,55,29.68846716,94.30111601,6.168757984,26.83924845,muskmelon,179,59.666666666666664,27.99655585814235,56.009403,High
110,14,51,27.02415146,91.66737633,6.085444691,21.26034986,muskmelon,175,58.333333333333336,24.772330618827386,54.18047,High
82,18,48,29.09588297,94.16748386,6.1590508160000015,26.70581328,muskmelon,148,49.333333333333336,27.398860899699244,50.52226,Medium
87,14,48,29.69238699,92.58862544,6.606033244,29.1102594,muskmelon,149,49.666666666666664,27.49177297436639,49.97131,Medium
85,9,53,28.20619412,92.86798698,6.447662945,28.78654515,muskmelon,147,49.0,26.194524682915127,50.081,Medium
100,6,53,29.05248036,93.92217834,6.105909623,23.66620626,muskmelon,159,53.0,27.286722415912678,52.40355,Medium
107,12,46,29.57240298,93.61870344,6.559763394,27.56918621,muskmelon,165,55.0,27.685300245927923,53.49924,Medium
91,13,47,29.10968327,92.43510994,6.14410903,27.95602304,muskmelon,151,50.333333333333336,26.90756773381029,51.019226,Medium
102,25,50,28.20480805,92.91440379,6.099662369,20.36001144,muskmelon,177,59.0,26.206329239771424,54.543987,High
117,25,53,29.11858526,92.12543021,6.413927319,24.52020164,muskmelon,195,65.0,26.82562194184065,57.877605,High
85,21,52,29.62800691,90.10051615,6.0751441160000015,23.69586761,muskmelon,158,52.666666666666664,26.694987150867668,51.45145,Medium
104,25,55,29.81196601,90.36881284,6.123802502,22.68766503,muskmelon,184,61.333333333333336,26.940719767501314,55.622005,High
102,24,54,27.72338349,90.93897939,6.698468621,22.81863447,muskmelon,180,60.0,25.211361998181765,55.70603,High
116,25,50,29.26092798,92.92367701,6.088885814,28.70627683,muskmelon,191,63.666666666666664,27.19033020626392,57.89294,High
100,17,48,29.72791119,94.29753295,6.367800632000001,26.52364146,muskmelon,165,55.0,28.032686849736987,53.46336,Medium
110,25,54,28.91105641,90.78413842,6.425930938,23.44398467,muskmelon,189,63.0,26.246653469938682,56.59798,High
104,25,51,28.96361426,93.88482153,6.469983276000002,23.56130173,muskmelon,180,60.0,27.19243755663863,55.899372,High
107,11,54,28.59052369,91.33617236,6.094016337999999,29.44008034,muskmelon,172,57.333333333333336,26.113489996125036,54.34881,High
98,26,52,27.33897716,90.69759008,6.150090898999999,28.69113835,muskmelon,176,58.666666666666664,24.795793436641624,54.78926,High
88,17,52,29.90415889,90.75284363,6.646962425,25.37828397,muskmelon,157,52.333333333333336,27.138874556308448,51.708424,Medium
87,25,46,27.42711692,90.02696201,6.379690748,21.7508774,muskmelon,158,52.666666666666664,24.691800130006683,51.715107,Medium
120,8,46,29.55657523,90.70937262,6.732834334,28.36535596,muskmelon,174,58.0,26.81058395909132,54.71059,High
95,13,46,29.84070774,93.76312893,6.126019932,23.28207838,muskmelon,154,51.333333333333336,27.97958127188069,51.14385,Medium
108,22,47,28.53545677,91.72742702,6.161123579,25.1290048,muskmelon,177,59.0,26.174840283525395,54.71727,High
82,13,52,27.11535046,94.86907886,6.442810053,26.51924782,muskmelon,147,49.0,25.72408321106277,50.608456,Medium
120,23,55,27.84492803,91.60666594,6.732049075,26.47844429,muskmelon,198,66.0,25.50781020167552,58.713676,High
110,22,47,29.03157242,91.82172592,6.243673725,24.93861254,muskmelon,179,59.666666666666664,26.657290857758714,55.56878,High
95,23,45,27.82424457,90.56698742,6.266208727,21.19014526,muskmelon,163,54.333333333333336,25.199580079421935,52.54713,Medium
106,10,49,27.72653142,92.00687531,6.350623739,20.21126747,muskmelon,165,55.0,25.51031519138737,53.098995,Medium
99,12,52,28.69708334,94.30759855,6.002927293,22.21807088,muskmelon,163,54.333333333333336,27.06353015184613,52.73481,Medium
106,20,51,29.73019662,90.97015715,6.342573112,20.49035619,muskmelon,177,59.0,27.045606586217993,54.15529,High
83,11,53,29.54097171,92.91778307,6.163921247999999,21.9653077,muskmelon,147,49.0,27.44881601026787,49.58518,Medium
117,19,55,28.80311922,91.78336933,6.121745389,25.16359891,muskmelon,191,63.666666666666664,26.436473292252813,57.599804,High
98,26,49,27.29035669,90.53330091,6.130160472999999,23.49535234,muskmelon,173,57.666666666666664,24.70686074157001,54.01731,High
113,20,48,27.46583649,94.87679041,6.440584681,27.27899847,muskmelon,181,60.333333333333336,26.058704120970603,56.954254,High
101,17,47,29.49401389,94.72981338,6.185053234,26.30820876,muskmelon,165,55.0,27.93962431626828,53.480618,Medium
98,7,45,27.79161808,92.51054946,6.157724816,26.85422624,muskmelon,150,50.0,25.7101785896327,51.06157,Medium
93,22,48,29.12533739,91.52291141,6.776987974,21.90440445,muskmelon,163,54.333333333333336,26.65635673731331,52.50336,Medium
95,21,47,27.93114233,93.56161439,6.431970877,20.66127836,muskmelon,163,54.333333333333336,26.13282768151666,52.742413,Medium
109,12,48,29.45771748,92.12534736,6.708743843,20.76212031,muskmelon,169,56.333333333333336,27.138024552777438,53.449123,High
118,12,47,27.96872279,92.17444796,6.010739645,28.94766949,muskmelon,177,59.0,25.780015833145207,55.23098,High
100,14,49,29.48882958,91.07574233,6.365956657999999,26.01909355,muskmelon,163,54.333333333333336,26.857170444413622,52.658974,Medium
89,9,47,29.47156259,90.77069618,6.6683827660000015,28.75226067,muskmelon,145,48.333333333333336,26.751542538067444,49.472843,Medium
95,16,46,27.076726500000003,90.14362622,6.74669542,24.4514648,muskmelon,157,52.333333333333336,24.40794312877169,51.84385,Medium
95,7,45,27.30008597,90.80015308,6.031665834,25.09484511,muskmelon,147,49.0,24.788519851731603,50.013767,Medium
87,6,45,29.82729394,90.79007335,6.40077205,22.84203589,muskmelon,138,46.0,27.080222046446107,48.50725,Medium
93,20,50,29.93061247,93.22980899,6.448792688999999,24.34814338,muskmelon,163,54.333333333333336,27.904252835318122,52.414703,Medium
84,29,49,29.94349168,93.90741192,6.251420275,20.39020503,muskmelon,162,54.0,28.119158075168528,52.587654,Medium
111,5,47,28.03306461,91.47355778,6.2744528110000015,21.17924769,muskmelon,163,54.333333333333336,25.64284155353308,52.590084,Medium
111,5,52,29.8843055,94.0371147,6.135996372,21.0000988,muskmelon,168,56.0,28.10233864033341,53.113705,High
111,15,54,27.7058373,92.91185695,6.194090172,22.06207161,muskmelon,180,60.0,25.74200791897574,55.756683,High
89,11,47,29.78714005,94.65343534,6.327822962000001,27.8659442,muskmelon,147,49.0,28.194551346861996,50.207302,Medium
110,15,48,28.57819995,92.86597437,6.2125672110000005,27.598717800000006,muskmelon,173,57.666666666666664,26.53942384097435,54.533447,High
95,30,52,29.48069921,90.33698678,6.640470862999999,26.0365768,muskmelon,177,59.0,26.631975347989265,54.39133,High
115,12,52,27.51492243,94.96218673,6.685553129,21.01796432,muskmelon,179,59.666666666666664,26.128772016591252,55.9321,High
120,25,50,28.05457761,94.81637388,6.327210469,21.84869328,muskmelon,195,65.0,26.600333197152366,58.09313,High
102,11,45,29.03167341,93.12603235,6.35544263,24.15591199,muskmelon,158,52.666666666666664,27.03604557154295,51.737694,Medium
94,5,55,28.5854649,91.89216849,6.085682343999999,26.88372572,muskmelon,154,51.333333333333336,26.267803569557813,51.26192,Medium
84,18,46,27.08808014,93.42402083,6.781050372999999,25.32159689,muskmelon,148,49.333333333333336,25.306773632440695,50.66121,Medium
107,22,54,27.99611732,90.84660317,6.630301421,21.61893763,muskmelon,183,61.0,25.43352160470804,55.910076,High
80,18,52,27.87317436,91.14849627,6.484799661,24.05207925,muskmelon,150,50.0,25.405979291855196,50.876705,Medium
86,18,45,28.96586565,90.71832938,6.566759102000001,22.25838137,muskmelon,149,49.666666666666664,26.27734940813528,49.660168,Medium
113,28,48,28.87726019,92.48839665,6.170520517999999,24.44267592,muskmelon,189,63.0,26.708114946179744,57.190548,High
115,18,53,29.17052093,94.19790371,6.0124803510000016,22.06994464,muskmelon,186,62.0,27.478019217346795,56.872364,High
82,20,54,29.34033587,90.01506395,6.541150335,21.44532907,muskmelon,156,52.0,26.410722096525287,51.419373,Medium
98,22,47,29.07265321,91.91533173,6.341400922,28.83568362,muskmelon,167,55.666666666666664,26.722225640683995,53.72184,Medium
117,25,54,28.68275966,92.50969311,6.150686363999999,29.11187663,muskmelon,196,65.33333333333333,26.534332936944878,58.409897,High
83,15,49,28.92705913,91.39356832,6.438008152999999,23.20076686,muskmelon,147,49.0,26.43747154894335,49.658833,Medium
120,16,51,27.99901833,91.64193051,6.547041902999999,23.28618248,muskmelon,187,62.333333333333336,25.65884092146076,56.69201,High
111,5,50,27.59350075,91.79742953,6.399891457000001,24.84266123,muskmelon,166,55.333333333333336,25.33012440584127,53.388382,Medium
85,21,47,29.87331077,90.60932469,6.186770318,24.69720481,muskmelon,153,51.0,27.068005151242037,50.542995,Medium
90,23,54,28.55852465,90.45773041,6.159020864,27.26588346,muskmelon,167,55.666666666666664,25.833393236970394,53.460392,Medium
99,29,55,29.19378695,91.46241065,6.660954816,26.48240255,muskmelon,183,61.0,26.70134130449511,56.9263,High
102,11,47,27.98780984,92.78226196,6.504906978999999,27.14509034,muskmelon,160,53.333333333333336,25.967723042615457,52.831135,Medium
80,18,51,28.05380704,91.81758779,6.706053225,20.76582087,muskmelon,149,49.666666666666664,25.7583289073892,49.92694,Medium
87,21,52,27.350629600000005,94.29119509999998,6.067665497999999,27.21244021,muskmelon,160,53.333333333333336,25.789235517214347,53.173233,Medium
114,8,52,29.34081108,94.5513539,6.419083092,28.22908103,muskmelon,174,58.0,27.742134121381213,54.788418,High
99,6,46,28.61475136,94.22253035,6.39637861,28.98574189,muskmelon,151,50.333333333333336,26.961542784753036,51.249672,Medium
89,25,50,27.04863538,91.34685096,6.375923383,25.08146686,muskmelon,164,54.666666666666664,24.70807664728243,53.155518,Medium
96,13,55,29.5275305,94.57459443,6.700337732,21.13545688,muskmelon,164,54.666666666666664,27.925542215569553,52.82787,Medium
82,26,47,28.50416396,93.46806467,6.565312652999999,24.20007242,muskmelon,155,51.666666666666664,26.642290403775633,52.16067,Medium
106,21,52,28.89578588,94.78993038,6.286515359,23.0362503,muskmelon,179,59.666666666666664,27.39029531840587,55.416286,High
90,15,52,27.04927452,91.3821731,6.448061578,23.65747461,muskmelon,157,52.333333333333336,24.718214864160597,51.879932,Medium
106,16,54,28.96017885,91.69532178,6.585872508,24.7458198,muskmelon,176,58.666666666666664,26.555129184571,54.307957,High
24,128,196,22.75088787,90.69489172,5.521466996,110.4317855,apple,348,116.0,20.633893119035115,91.43103,High
7,144,197,23.8494014,94.34814995,6.133220586,114.0512495,apple,348,116.0,22.501468995049404,92.37014,High
14,128,205,22.60800988,94.58900601,6.226289556,116.0396587,apple,347,115.66666666666667,21.3846918241346,92.67489,High
8,120,201,21.18667419,91.13435689,6.321152192,122.233323,apple,329,109.66666666666667,19.308339269436118,89.80208,High
20,129,201,23.41044706,91.69913296,5.587905967,116.07779309999998,apple,350,116.66666666666667,21.46717697607981,92.49325,High
32,137,204,22.86006627,93.12859895,5.824151692999999,117.7296726,apple,373,124.33333333333333,21.28925943629252,96.92662,High
27,139,205,22.48403042,93.40819246,5.7721799460000005,105.5473627,apple,371,123.66666666666667,21.001926407478546,95.12014,High
0,123,205,22.02775403,92.96129462,5.790993052,121.1349176,apple,328,109.33333333333333,20.477285321997226,89.394394,High
22,144,196,21.91191314,91.68748063,6.4992268210000015,117.0761277,apple,362,120.66666666666667,20.090481115899923,94.2125,High
1,124,199,23.71059131,93.27392415,5.658473817000001,112.66765890000002,apple,324,108.0,22.11579895400589,88.872284,High
30,122,197,21.37784654,92.72043743,5.573241391,106.1417017,apple,349,116.33333333333333,19.82163282500212,91.90498,High
29,121,196,22.84852833,94.32130209,6.079497202000001,123.5977843,apple,346,115.33333333333333,21.551029429258534,92.65671,High
13,126,204,23.1094265,92.79630809,6.3831802710000005,108.183792,apple,343,114.33333333333333,21.444694612772103,91.01689,High
9,139,199,23.25230817,94.54128292,5.867420996,105.3558408,apple,347,115.66666666666667,21.983030452429976,91.835655,High
0,133,200,23.67287749,90.4935574,5.708418722,104.2298028,apple,333,111.0,21.422428979644828,88.54466,High
30,143,199,23.76881552,90.59810302,5.7983508000000015,102.2648546,apple,372,124.0,21.53409597144335,94.63138,High
36,140,198,23.34386401,91.47684705,6.28188384,104.4267991,apple,374,124.66666666666667,21.3542307759877,95.38332,High
37,137,199,22.63946441,90.18451645,5.697945522,108.3405879,apple,373,124.33333333333333,20.417291505028345,95.17873,High
33,121,203,22.45696744,94.76285385,5.6059340870000005,114.8407725,apple,357,119.0,21.280863234309287,93.97853,High
7,144,195,22.96388477,93.58065995,5.85648105,104.64729859999998,apple,346,115.33333333333333,21.489754917923538,91.232,High
35,128,205,21.07273439,93.56585985,6.041053829,107.8737015,apple,368,122.66666666666667,19.716885125910153,94.73081,High
29,128,198,22.44075021,92.70785115,5.685062404,121.4977331,apple,355,118.33333333333333,20.804337301630113,94.04084,High
2,143,196,22.71271308,90.45261746,5.669489065,109.8852597,apple,341,113.66666666666667,20.544243477039785,90.44451,High
34,140,198,21.70416965,93.44006288,5.751707342,115.1781396,apple,372,124.0,20.280389768541877,96.539764,High
29,144,204,22.43324518,92.48667725,5.800448951,119.1025189,apple,377,125.66666666666667,20.747763066327778,97.42006,High
32,141,203,21.25941052,92.84416234,5.821347769,109.06584709999998,apple,376,125.33333333333333,19.738121615715837,96.31302,High
13,144,197,22.9215706,94.89613443,6.28022267,105.6941544,apple,354,118.0,21.751684450043356,92.980225,High
25,143,198,22.81212536,91.51861705,6.027314401,107.855225,apple,366,122.0,20.877341649184338,94.19632,High
9,137,200,21.12152071,90.6878768,5.636687393,102.8017203,apple,346,115.33333333333333,19.154658679771284,90.31201,High
6,144,198,21.11478672,90.31528693,5.559363609,104.5086618,apple,348,116.0,19.069880210825534,91.044754,High
37,126,196,23.59997268,90.97597665,5.596449493,107.17281909999998,apple,359,119.66666666666667,21.470305634763182,93.32777,High
2,120,203,23.12652652,94.71203306,5.893492998999999,108.62118329999998,apple,325,108.33333333333333,21.903603443252063,88.68956,High
11,143,197,22.98458907,93.3204487,5.875718516,122.1952483,apple,351,117.0,21.449321651975154,93.31206,High
10,141,201,22.12659387,90.97818277,6.386021424,104.5412275,apple,352,117.33333333333333,20.13037301182422,91.73011,High
24,142,202,22.53779727,91.48135786,5.710819862,101.8474768,apple,368,122.66666666666667,20.61788297433001,94.06809,High
23,138,195,22.49095104,91.70292746,5.7959857160000015,124.3915101,apple,356,118.66666666666667,20.624860517275316,94.02995,High
18,125,204,22.35548159,94.47811755,6.046673619,116.7366261,apple,347,115.66666666666667,21.121038175468808,92.583,High
13,121,196,22.20700989,93.50574163,6.443382913,120.1593771,apple,330,110.0,20.764829291491946,90.47165,High
26,122,202,22.44516988,94.73763514,5.617227184,107.1843273,apple,350,116.66666666666667,21.26402314746758,92.16371,High
28,123,202,22.76643029,92.12438519,6.442289294,120.4359949,apple,353,117.66666666666667,20.973433934372434,93.76973,High
26,121,201,22.19109412,90.02575116,6.162034371,112.3126628,apple,348,116.0,19.97769917215259,90.70563,High
21,137,196,23.6119202,91.70293849,5.812781806,123.5900822,apple,354,118.0,21.652824657313886,93.97693,High
21,135,198,23.86087054,94.92048112,5.7650151260000015,105.0241329,apple,354,118.0,22.648853115988345,93.039955,High
5,144,205,21.42177231,92.62665309,6.184922574,102.8045658,apple,354,118.0,19.84227072331338,92.07215,High
2,123,205,22.36629253,90.78572467,5.739652177000001,124.9831618,apple,330,110.0,20.305400755172574,89.85841,High
15,133,199,23.99686172,91.61001707,5.8247786360000005,117.6102915,apple,347,115.66666666666667,21.983529117956294,92.30592,High
31,130,198,21.80129837,92.73446667,5.554823557000001,120.05866709999998,apple,359,119.66666666666667,20.217317770554907,94.62248,High
25,143,200,23.80436344,92.80441624,6.024248787,100.6192543,apple,368,122.66666666666667,22.091500530139978,94.49438,High
16,143,204,23.71475278,91.53331177,5.631333387000001,121.8961665,apple,363,121.0,21.706898597602144,95.37498,High
19,122,202,23.34467359,90.37981478,5.811975094,112.8954016,apple,343,114.33333333333333,21.09887275163758,90.99019,High
10,125,196,22.31253665,90.03577124,5.730557448,113.0688155,apple,331,110.33333333333333,20.08926445603516,88.62303,High
20,139,202,23.50201428,92.21083961,5.66999105,107.9868949,apple,361,120.33333333333333,21.671404692850096,93.444405,High
28,123,198,23.46260321,91.45665004,5.682751473,111.7763395,apple,349,116.33333333333333,21.45811090804351,91.94534,High
28,136,200,23.06204373,92.39544055,6.245858905,114.7399101,apple,364,121.33333333333333,21.30827690416715,95.16364,High
2,131,199,22.47420512,91.22759742,6.017370134,124.2179699,apple,332,110.66666666666667,20.502677370218624,90.085785,High
2,140,197,22.69780133,92.82223419,5.53456749,105.0508234,apple,339,113.0,21.068606306513534,89.160774,High
27,138,201,23.66682067,93.90191078,5.952367662,105.4004751,apple,366,122.0,22.223596830005995,94.59597,High
30,127,204,22.50050273,92.45878335,6.126436584,100.9343903,apple,361,120.33333333333333,20.803691071791537,93.27642,High
32,145,203,23.83053666,90.84422164,6.406818518,109.5966791,apple,380,126.66666666666667,21.64866554141185,96.6784,High
29,139,205,23.64142354,93.74461474,6.155939452999999,116.6912176,apple,373,124.33333333333333,22.162561416624673,96.677086,High
26,126,195,21.41363812,92.99124545,5.878568981,118.3979065,apple,347,115.66666666666667,19.912808783943966,92.641975,High
40,136,202,22.85267372,94.57645809999998,5.935336307999999,117.53140259999998,apple,378,126.0,21.613249385525506,97.84937,High
6,124,200,22.98208095,93.84505029,5.971332179,109.5852253,apple,330,110.0,21.56754542521601,89.224686,High
35,138,200,21.19909519,90.80819418,5.67130617,103.6838922,apple,373,124.33333333333333,19.25051552453824,94.965485,High
17,136,196,23.87192332,90.49939035,5.882155987999999,103.0548094,apple,349,116.33333333333333,21.603945069419478,91.35998,High
33,134,205,21.0365275,94.33919546,6.08551916,114.7412734,apple,372,124.0,19.84569079622165,96.348915,High
16,143,197,22.61711614,93.51978375,5.90402645,116.9256766,apple,356,118.66666666666667,21.15147810461435,93.95488,High
27,120,200,21.45278675,90.74531921,6.1102188260000005,116.7036582,apple,347,115.66666666666667,19.467399815728086,91.875534,High
29,145,205,22.81227579,92.12992101,6.212302608,109.3383552,apple,379,126.33333333333333,21.016931665910356,96.68357,High
3,141,197,21.98141856,91.12719303,6.142803397000001,115.4789148,apple,341,113.66666666666667,20.031049721903447,91.02308,High
15,123,204,22.52709326,92.54780429,6.365972687999999,115.3830068,apple,342,114.0,20.84833018249058,91.43556,High
5,136,195,22.35628673,91.92360477,6.264202804,107.7697413,apple,336,112.0,20.550704654933156,89.17076,High
10,136,204,21.19852186,92.15595143,6.276198595,105.8554351,apple,350,116.66666666666667,19.535699509179533,91.808754,High
7,141,195,23.8812458,93.45067555,5.514253142,104.9116663,apple,343,114.33333333333333,22.317185529856,90.92869,High
2,129,201,22.78234161,94.36803516,5.682343744,122.1449949,apple,332,110.66666666666667,21.499248140796112,90.255295,High
29,138,197,22.19055385,92.43764169,5.830892252000001,121.6622761,apple,364,121.33333333333333,20.512424656889504,95.659195,High
30,137,200,22.91430043,90.70475565,5.603413172000001,118.6044645,apple,367,122.33333333333333,20.7843602139384,95.17205,High
29,132,204,23.08950736,90.22507299,6.0967531,108.2166601,apple,365,121.66666666666667,20.83252486859142,94.07351,High
14,139,197,21.72484506,92.83975602,6.056529526,121.6961761,apple,350,116.66666666666667,20.16929314942702,93.19372,High
18,125,203,22.44307715,91.59234006,6.160267496,102.5565807,apple,346,115.33333333333333,20.556139543156156,90.5257,High
33,143,204,21.1316077,91.95769858,5.814434775,122.5391946,apple,380,126.66666666666667,19.43214011387407,97.80609,High
40,144,196,22.71750705,92.25479855,5.987262638,107.0289866,apple,380,126.66666666666667,20.957990364559546,96.7865,High
9,143,197,23.75033085,92.88160462,5.570020684,117.6602827,apple,349,116.33333333333333,22.059688396038887,93.12708,High
38,135,203,23.76121837,93.661643,5.9655513110000005,100.825956,apple,376,125.33333333333333,22.255147522159817,95.841484,High
28,130,196,22.13450646,94.67695747,6.062356467000001,112.9203223,apple,354,118.0,20.956277267328606,93.644844,High
35,142,203,21.17089176,90.23730166,5.895319002000001,123.6495149,apple,380,126.66666666666667,19.104041461583282,97.58558,High
12,129,205,22.36238282,91.15761594,6.119432215,118.68327250000002,apple,346,115.33333333333333,20.385015046088142,92.09724,High
1,135,203,22.77856513,92.70124029,5.624203283,113.7759219,apple,339,113.0,21.116012395775453,89.527176,High
0,145,205,21.22503442,90.09877774,5.52078314,113.9760462,apple,350,116.66666666666667,19.1234965873143,91.53476,High
31,121,201,23.15791104,90.34396882,5.731535257999999,110.712841,apple,353,117.66666666666667,20.92177592934094,92.602875,High
35,131,203,22.42776057,93.91722423,5.893490899,102.7230739,apple,369,123.0,21.06353018429443,94.73921,High
29,140,195,23.64082979,90.95257927,5.560521058,116.7431319,apple,364,121.33333333333333,21.501944454835524,94.96999,High
33,138,198,22.29423493,90.69033986,6.222390797999999,122.7418744,apple,369,123.0,20.21871742720383,96.03958,High
14,140,197,23.35225078,90.90054697,6.071255131,113.0381382,apple,351,117.0,21.227323688826086,92.37674,High
35,145,195,22.03911546,94.58075845,6.231950009,110.9804014,apple,375,125.0,20.84476255773921,96.73368,High
40,120,197,23.80593812,92.48879468,5.889480679,119.6335548,apple,357,119.0,22.01782522945465,94.44095,High
25,132,198,22.31944084,90.85174383,5.732757516,100.1173443,apple,355,118.33333333333333,20.277601216245202,91.75065,High
31,137,196,22.14464104,93.82567435,6.400321212000001,120.6310784,apple,364,121.33333333333333,20.777358788166854,95.758286,High
36,144,196,23.65167552,94.50528753,6.496934492,115.3611268,apple,376,125.33333333333333,22.352083955838626,97.315155,High
10,140,197,22.16939473,90.27185592,6.229498836,124.4683112,apple,347,115.66666666666667,20.01272406900167,92.39644,High
22,30,12,15.78144173,92.51077745,6.354006743999999,119.035002,orange,64,21.333333333333332,14.59953443724173,43.445637,Low
37,6,13,26.03097313,91.50819306,7.511755067999999,101.2847738,orange,56,18.666666666666668,23.82047314719712,41.814884,Low
27,13,6,13.36050601,91.35608208,7.335158382,111.2266885,orange,46,15.333333333333334,12.20563483679893,39.172073,Low
7,16,9,18.87957654,92.04304496,7.813916602999999,114.6659511,orange,32,10.666666666666666,17.377337122969813,38.706245,Low
20,7,9,29.47741671,91.57802915,7.1291369410000005,111.1727497,orange,36,12.0,26.99483726735077,40.24345,Low
26,27,10,28.06903173,92.91487288,6.079998496,114.1339416,orange,63,21.0,26.080305150576365,45.27279,Low
5,23,15,25.66901098,92.04670813,7.408939392000001,112.5424199,orange,43,14.333333333333334,23.627479616618253,41.12283,Low
0,18,14,29.77149434,92.00719952,7.207991261,114.41617859999998,orange,32,10.666666666666666,27.391918197489307,39.776268,Low
39,24,14,30.55472573,90.90343769,7.189259647,106.0711985,orange,77,25.666666666666668,27.775296065320948,45.63941,Low
13,23,6,23.96147583,90.26408017,7.365338111,102.6958703,orange,42,14.0,21.628605753106378,39.73097,Low
21,17,15,23.98289638,91.5473145,7.455991072000001,118.4901697,orange,53,17.666666666666668,21.955697575207715,42.852783,Low
33,12,8,25.26052689,90.31153735,6.822282114,117.36952959999998,orange,53,17.666666666666668,22.813170177069143,42.594826,Low
6,9,12,31.08368929,90.14362642,7.028746406000002,109.6894658,orange,27,9.0,28.019964751131152,37.833492,Low
19,7,10,14.78003032,91.22062116,6.118430299,100.1961762,orange,36,12.0,13.482435465540334,37.248425,Low
24,18,6,26.56608303,94.45239715,6.285312759,116.3796525,orange,48,16.0,25.092302250694356,43.284676,Low
9,11,8,24.85903405,94.39000473,6.559236744,111.78037340000002,orange,28,9.333333333333334,23.46444341562731,39.316612,Low
31,8,7,34.51465139,93.63812684,7.163245982,103.5684926,orange,46,15.333333333333334,32.31887304695202,40.660652,Low
22,17,5,24.12188673,90.72351622,6.945562889,102.835632,orange,44,14.666666666666666,21.884223820061575,40.34518,Low
13,5,8,23.85340379,90.10522549,7.474710503,103.923226,orange,26,8.666666666666666,21.493163272019707,37.37126,Low
16,8,9,24.60297538,91.28408653,7.601189842999999,111.2948115,orange,33,11.0,22.458601334833798,39.733368,Low
4,13,6,15.63211033,94.25966183,7.5611432239999985,101.4705704,orange,23,7.666666666666667,14.734774333950497,35.923172,Low
0,25,14,19.33516809,91.97978938,6.361671475,116.450422,orange,39,13.0,17.78444688545097,40.189114,Low
8,7,10,28.2620488,91.98317355,6.929216014,105.2132259,orange,25,8.333333333333334,25.996329396489692,38.907364,Low
4,23,5,22.67594476,93.36348717,7.477935216,110.3332655,orange,32,10.666666666666666,21.171052776678888,39.646587,Low
33,14,8,21.03200078,92.9641969,7.684420446,110.6823944,orange,55,18.333333333333332,19.552230617128735,43.228657,Low
30,7,15,33.23453301,91.06053924,7.825531916,115.7659902,orange,52,17.333333333333332,30.2635449728018,41.792545,Low
21,29,12,22.30318989,92.15987039,6.438668989,117.3688104,orange,62,20.666666666666668,20.554590895459583,44.35358,Low
11,14,5,11.50322938,94.8933184,6.946354724,115.56837759999998,orange,30,10.0,10.915796081845746,37.84296,Low
9,8,15,14.34320488,94.35734702,7.994465371,110.22231229999998,orange,32,10.666666666666666,13.533867602411176,37.93556,Low
5,18,14,33.105698100000005,93.48447453,7.434118807000001,119.1709113,orange,37,12.333333333333334,30.9486879082732,40.65554,Low
29,25,14,30.49183837,90.4582865,7.781988584,113.3302105,orange,68,22.666666666666668,27.58239451185153,44.409866,Low
33,12,15,30.25578031,92.03272799,6.052318465,116.7173125,orange,60,20.0,27.845219993954277,44.23156,Low
8,16,6,12.22816189,90.26457428,7.106650373,108.4161706,orange,30,10.0,11.037698272277703,36.299652,Low
15,14,8,10.01081312,90.22399223,6.22094286,119.3941064,orange,37,12.333333333333334,9.03215525154862,38.021774,Low
16,7,8,22.79196751,90.60901895,6.420457311,116.5084074,orange,31,10.333333333333334,20.651578160213745,39.147808,Low
0,12,7,20.18432263,90.65458473,6.969249676,116.8130969,orange,19,6.333333333333333,18.29801386078991,37.12469,Low
5,25,6,30.72119881,94.01331956,6.0113021810000005,106.8118019,orange,36,12.0,28.882018809908217,40.198997,Low
6,8,11,24.35590861,92.39651663,6.600948787999999,119.6946577,orange,25,8.333333333333334,22.504011149226248,39.20955,Low
10,5,5,21.21306973,91.35349216,7.817846496,112.9834361,orange,20,6.666666666666667,19.378879992690884,37.57558,Low
1,17,6,10.78689755,91.38411917,6.8198271,117.5293447,orange,24,8.0,9.857511311837811,35.95108,Low
1,30,10,11.89925671,91.34663797,7.291405641,103.5771468,orange,41,13.666666666666666,10.869570948004633,37.60689,Low
0,23,15,22.56664172,93.37488907,7.598729065,109.8585753,orange,38,12.666666666666666,21.07157667287434,40.546917,Low
24,27,9,18.86883219,93.24688124,6.157135092000001,119.3936976,orange,60,20.0,17.59459754358419,44.716595,Low
36,11,13,17.34083741,93.04897191,7.1917274,112.7194284,orange,60,20.0,16.135470930589673,43.161407,Low
40,21,8,34.90665289,92.87820148,7.418761774,102.1906333,orange,69,23.0,32.42067140109844,43.34117,Low
40,22,6,24.53610067,91.90997228,6.488221135,115.9787989,orange,68,22.666666666666668,22.551123324389895,45.83695,Low
32,18,13,13.8377282,91.74780462,6.044167236,107.9873218,orange,63,21.0,12.695811832782642,42.387764,Low
9,10,10,22.3551049,93.52211892,6.010391864,101.5164589,orange,29,9.666666666666666,20.906967789268748,37.716595,Low
13,16,8,34.74004942,93.12316972,6.949838549,100.1967854,orange,37,12.333333333333334,32.35103518219847,38.093216,Low
15,9,11,11.54785707,94.14861001,7.907956251,108.82891709999998,orange,35,11.666666666666666,10.87214691734651,38.000195,Low
29,11,5,23.13338811,91.94670335,7.639788459,104.4224145,orange,45,15.0,21.270387740305875,40.608883,Low
1,15,9,29.98364695,94.55239717,7.53350946,115.3560318,orange,25,8.333333333333334,28.350256950214593,39.041885,Low
18,5,11,20.87947369,90.93756231,6.251586885,102.4550786,orange,34,11.333333333333334,18.98728439684381,39.181057,Low
14,22,9,17.24944623,91.13772765,6.543191814,112.50905159999998,orange,45,15.0,15.720753326230593,39.88037,Low
33,15,7,15.83388699,91.68293851,7.651225301,109.7571416,orange,55,18.333333333333332,14.51697287278459,41.787643,Low
4,6,7,23.01014302,91.11764246,6.708889665,112.6738296,orange,17,5.666666666666667,20.966299846498245,37.11298,Low
17,16,14,16.39624284,92.18151927,6.625538653,102.944161,orange,47,15.666666666666666,15.114305753110592,39.464928,Low
12,20,10,24.45132792,93.10527686,6.528354932,109.4711098,orange,42,14.0,22.765476555862477,40.755733,Low
34,29,8,31.87859192,91.15248149,6.450640306,105.3437825,orange,71,23.666666666666668,29.058127599150637,44.636913,Low
39,28,10,31.34920143,91.48247612,7.181907673,109.1549823,orange,77,25.666666666666668,28.679025712010446,45.94516,Low
31,25,12,18.05142392,90.03969587,7.016482298,111.7793889,orange,68,22.666666666666668,16.253447197772434,43.826897,Low
12,6,8,30.84835031,92.86773675,6.388617138,107.4142681,orange,26,8.666666666666666,28.648164757608612,38.03446,Low
12,29,13,22.45616931,91.52781832,7.57125447,118.0069295,orange,54,18.0,20.553641847688397,42.548756,Low
26,11,11,13.70319166,90.95589386,7.609348255,106.2944879,orange,48,16.0,12.463860461701973,39.719345,Low
19,24,15,20.48954522,93.72485075,7.137136973,111.83919509999998,orange,58,19.333333333333332,19.20379567679876,43.56638,Low
39,21,9,13.20844373,94.02769434,6.354022554,106.2696156,orange,69,23.0,12.419595097515296,43.06818,Low
16,29,13,32.31944397,93.67804556,6.196907944,117.6236473,orange,58,19.333333333333332,30.276223446955274,43.930344,Low
36,29,13,20.68185224,90.91510525,7.829507245,109.7513927,orange,78,26.0,18.802927731645482,46.046898,Low
37,23,12,31.52675982,90.50621806,6.395258356,113.1169398,orange,72,24.0,28.533677989941662,45.459846,Low
39,9,15,25.35467646,91.81183218,7.992041984,116.7555937,orange,63,21.0,23.278593001237162,44.764645,Low
31,5,14,17.66545409,91.69865887,6.583411671,110.6857506,orange,50,16.666666666666668,16.198984483825562,41.183292,Low
18,12,8,12.59093977,91.81668769,6.206053072,119.39167179999998,orange,38,12.666666666666666,11.560583845856904,39.10077,Low
20,20,10,11.86631922,93.68394562,6.976997772000001,106.060149,orange,50,16.666666666666668,11.116836045160408,40.110905,Low
5,8,5,11.03367937,92.22706805,6.562594972,112.7715925,orange,18,6.0,10.17603898098871,35.152103,Low
20,8,12,25.2990432,94.96419851,7.260416405,117.9733424,orange,40,13.333333333333334,24.025033605578656,42.17276,Low
25,21,11,32.23797837,90.15406807,6.460044777999999,104.7052254,orange,57,19.0,29.063848964081675,41.57788,Low
14,19,14,17.68408797,94.35815354,6.699164936,108.0638166,orange,47,15.666666666666666,16.686378878881268,40.53749,Low
37,18,12,10.2708877,90.19147747,7.401121811,106.69552040000002,orange,67,22.333333333333332,9.2634653659145,41.496155,Low
26,15,6,17.22034507,94.78797376,6.912033409,108.0054343,orange,47,15.666666666666666,16.322816166333055,40.87252,Low
13,22,5,19.667056,90.50096668,7.764040111,100.1737964,orange,40,13.333333333333334,17.79887579749694,38.335205,Low
32,25,9,10.35609594,93.75652041,7.796034006,101.1456947,orange,66,22.0,9.70951520366528,41.46421,Low
19,7,9,27.255435,91.71369387,6.969883482999999,101.139435,orange,35,11.666666666666666,24.996966218836832,39.035995,Low
28,7,9,34.591784600000004,92.13229786,6.730757538,115.5650287,orange,44,14.666666666666666,31.870206022761614,40.94115,Low
24,30,11,32.39523995,94.51768464,6.601395755,113.25373,orange,65,21.666666666666668,30.619230734312293,45.13133,Low
7,17,10,10.16431299,91.22320999,6.465913274,106.362551,orange,34,11.333333333333334,9.272212582908548,36.286938,Low
18,23,8,21.49118657,93.43949693,6.41354791,101.4819888,orange,49,16.333333333333332,20.081256615295725,41.312218,Low
7,20,12,16.53460397,94.76759975,6.475275337,110.0447896,orange,39,13.0,15.66944731053721,39.165207,Low
20,23,11,31.852069399999998,90.12220323,6.407715561,109.9455062,orange,54,18.0,28.70578671762864,42.4653,Low
18,14,11,28.04799508,90.00621688,6.550814117000001,117.1311498,orange,43,14.333333333333334,25.24493928219653,41.432602,Low
34,11,10,31.75048899,94.59551226,7.36220835,115.1989301,orange,55,18.333333333333332,30.034537705145404,43.75027,Low
20,29,10,29.07412717,93.27189064,7.36549204,100.7896871,orange,59,19.666666666666668,27.117988098536927,42.008827,Low
37,24,13,19.14381903,90.71037456,7.8546243,108.0230792,orange,74,24.666666666666668,17.36542994720156,44.951344,Low
12,8,10,16.14820285,91.4448027,7.995848977,107.4287664,orange,30,10.0,14.766692235778278,37.486042,Low
34,10,14,34.05296914,92.05811721,6.725600855,116.8020848,orange,58,19.333333333333332,31.34852224438633,43.43575,Low
6,13,9,34.51423957,90.56151463,7.786725333,118.32719679999998,orange,28,9.333333333333334,31.2566181176188,38.3646,Low
27,30,5,32.71748548,90.54608254,7.656978112000001,113.328978,orange,62,20.666666666666668,29.624401407733316,43.784164,Low
13,8,12,25.16296632,92.54736032,7.105904818,114.3117197,orange,33,11.0,23.287661107370642,39.884396,Low
6,7,7,27.68167318,94.47316879,7.199106204,113.9995146,orange,20,6.666666666666667,26.151753827237563,38.68792,Low
40,17,15,21.35093384,90.9492967,7.871063004,107.0862095,orange,72,24.0,19.418524166362303,44.632183,Low
31,26,9,11.69894639,93.25638873,7.566165721,103.2005992,orange,66,22.0,10.9100149227727,42.145756,Low
61,68,50,35.21462816,91.49725058,6.7932454170000005,243.0745066,papaya,179,59.666666666666664,32.22041656837044,76.00919,High
58,46,45,42.39413392,90.79028064,6.576261427,88.46607497,papaya,149,49.666666666666664,38.48975316086544,53.68972,Medium
45,47,55,38.4191628,91.14220381,6.751452932,119.2653877,papaya,147,49.0,35.0160716612717,56.970325,Medium
39,65,53,35.33294932,92.11508608,6.560743092999999,235.6133585,papaya,157,52.333333333333336,32.546976680720775,71.486336,Medium
31,68,45,42.92325255,90.07600528,6.938313356,196.2408242,papaya,144,48.0,38.66355123328574,63.74134,Medium
70,68,45,33.83508569,92.85470152,6.991626158,203.4044028,papaya,183,61.0,31.417467826485737,73.49209,High
68,62,50,33.20258348,92.76437927,6.977700268,197.5282582,papaya,180,60.0,30.800170466825566,71.96732,High
34,65,47,23.48546973,93.71043692,6.833768535,191.7760562,papaya,146,48.666666666666664,22.008336296697344,67.28409,Medium
38,68,54,29.33710543,90.81781439,6.739170045,202.0572747,papaya,160,53.333333333333336,26.643317956816013,69.43398,Medium
69,64,47,40.21199348,94.50766912,6.993473247000001,186.6762324,papaya,180,60.0,38.00341774463437,70.05079,High
58,51,47,42.13473976,91.70445386,6.757470637000001,197.402901,papaya,156,52.0,38.63943298224028,66.62384,Medium
59,47,53,32.86316618,91.4618874,6.8506632320000005,47.271547,papaya,159,53.0,30.05727204762648,54.56474,Medium
44,64,54,29.80744318,91.38048469,6.74274935,232.7046126,papaya,162,54.0,27.23818605158035,72.48067,Medium
56,57,48,31.56213762,93.0484859,6.506120752,63.62250788,papaya,161,53.666666666666664,29.3680911730843,56.081814,Medium
69,60,54,36.32268069,93.06134398,6.98992719,141.1736926,papaya,183,61.0,33.80237481967794,65.679985,High
56,58,49,37.13165026,94.60761797,6.69215564,172.47880619999995,papaya,163,54.333333333333336,35.12936982393731,66.56123,Medium
49,55,53,38.4418717,93.63739039,6.544029776,77.71566883,papaya,157,52.333333333333336,35.99596547695193,55.87819,Medium
38,51,52,32.66160599,90.78931681,6.927803911,78.85085502,papaya,141,47.0,29.653248937495036,52.472103,Medium
54,65,47,27.92765919,91.55594211,6.721835879,149.91075569999995,papaya,166,55.333333333333336,25.5694314806745,66.11397,Medium
57,57,51,39.01793345,91.48815629,6.99223441,105.8841531,papaya,165,55.0,35.696787935864194,59.272137,Medium
39,52,53,32.51247398,94.65904123,6.704204398,51.07048113,papaya,144,48.0,30.775996149621225,52.460476,Medium
58,67,45,38.72382798,91.72514851,6.702424548,62.62377075,papaya,170,56.666666666666664,35.51948872341193,55.716484,High
61,64,52,43.30204933,92.83405443,6.641098708,110.562229,papaya,177,59.0,40.19904804431765,61.088196,High
34,62,55,27.58548913,90.72526502,6.585346229,238.5008779,papaya,151,50.333333333333336,25.02700812025579,71.98544,Medium
31,48,45,40.78881819,92.90951393,6.563134737,132.7923586,papaya,124,41.333333333333336,37.89669271812043,53.257675,Medium
47,46,52,23.19451074,91.40301608,6.502289472999999,206.3999208,papaya,145,48.333333333333336,21.200482381359524,68.040054,Medium
32,68,52,32.68067385,92.61715632,6.800321319,248.8592986,papaya,152,50.666666666666664,30.267910786083863,72.52844,Medium
36,59,46,34.28879307,93.61082872,6.721130542999999,127.2509777,papaya,141,47.0,32.098023350912925,57.348656,Medium
61,51,51,39.30050027,94.16193416,6.574677594,120.9512466,papaya,163,54.333333333333336,37.006111188788026,60.9963,Medium
70,54,46,39.73149053,91.12220596,6.919342407,122.7628653,papaya,170,56.666666666666664,36.2042106317245,61.62365,High
44,56,49,39.23342464,91.25589286,6.519779582999999,64.4478499,papaya,149,49.666666666666664,35.802811954787245,52.20901,Medium
34,68,51,27.34734861,94.17756725,6.687088097999999,40.35153141,papaya,153,51.0,25.75506762827469,53.23548,Medium
50,59,47,40.76998685,92.09278584,6.747975732,209.8678411,papaya,156,52.0,37.54621667676667,68.235374,Medium
39,70,52,26.26559543,90.79668055,6.65149129,59.49373381,papaya,161,53.666666666666664,23.848288777132503,55.779613,Medium
34,61,49,28.12971499,93.3210737,6.502675132,117.8201907,papaya,144,48.0,26.250952057417848,56.650177,Medium
44,60,55,34.2804607,90.55561637,6.825371185,98.54047745,papaya,159,53.0,31.042882481360618,58.970608,Medium
31,62,52,33.7960155,93.00754254,6.99104104,182.026807,papaya,145,48.333333333333336,31.432843492987498,65.38122,Medium
65,62,51,31.53243779,90.87394933,6.5116248410000015,207.0735119,papaya,178,59.333333333333336,28.65477153979837,73.35558,High
44,57,53,42.30495821,90.51431779,6.93172108,74.876786,papaya,154,51.333333333333336,38.2920443151261,53.731926,Medium
50,47,48,24.63676897,90.61964344,6.712772332999999,218.2299187,papaya,145,48.333333333333336,22.32575219575056,68.45928,Medium
43,50,48,28.28222883,91.37059792,6.63016515,179.27208069999998,papaya,141,47.0,25.841641587073617,64.73172,Medium
60,46,53,24.48620746,92.98254537,6.761953186,183.49095,papaya,159,53.0,22.767898960886825,68.41465,Medium
70,68,55,42.84609252,94.63548176,6.691202286,78.80996390000001,papaya,193,64.33333333333333,40.547606071637325,61.285343,High
59,62,52,43.67549305,93.10887229,6.608667683999999,103.8235658,papaya,173,57.666666666666664,40.66575904595232,60.330723,High
60,58,51,42.07213781,92.92203105,6.840802254,165.7412972,papaya,169,56.333333333333336,39.094284959206995,65.62061,High
42,60,47,33.46873719,92.12746225,6.834808347999999,136.8277041,papaya,149,49.666666666666664,30.833898220268956,57.3201,Medium
35,66,47,31.7018373,91.66232213,6.953439161,48.83810592,papaya,148,49.333333333333336,29.058640227054497,51.64196,Medium
34,65,48,41.41968393,90.03863107,6.665024507999999,199.3096432,papaya,147,49.0,37.29371640409278,64.879166,Medium
36,54,46,42.54744013,94.94482086,6.662875839,214.41038480000003,papaya,136,45.333333333333336,40.39659081194425,65.318214,Medium
39,64,52,28.91842453,94.63676767,6.678695788,63.68794608,papaya,155,51.666666666666664,27.36746223628039,55.728615,Medium
37,52,47,43.08022702,93.90305729,6.54277684,211.8529059,papaya,136,45.333333333333336,40.45365025925266,64.998405,Medium
33,47,46,29.20300896,93.96834049,6.839443833,209.4083305,papaya,126,42.0,27.441582892858005,64.41994,Medium
34,48,48,41.04224355,91.37258067,6.805277038,181.527598,papaya,130,43.333333333333336,37.50135709650162,59.875713,Medium
49,54,50,25.62446619,93.18240298,6.762522087000001,97.26336657,papaya,153,51.0,23.877493346639653,57.64048,Medium
40,65,49,35.32876402,91.06138506,6.678449317999999,163.9069365,papaya,154,51.333333333333336,32.17086184119094,63.900604,Medium
68,52,49,24.42561272,92.27749066,6.577192175,63.35298768,papaya,169,56.333333333333336,22.53934249634577,57.962387,High
50,46,52,31.18298415,90.21646909,6.734005647999999,54.01872359,papaya,148,49.333333333333336,28.13218725702435,52.18974,Medium
65,63,50,31.88342554,91.3256535,6.524459342,79.27201575,papaya,178,59.333333333333336,29.117746732590902,60.896606,High
40,49,47,42.93368602,91.1756748,6.501521192,246.36132680000003,papaya,136,45.333333333333336,39.14507794524826,67.71282,Medium
42,53,48,23.11407669,94.31994776,6.758479569,231.5153161,papaya,143,47.666666666666664,21.80118505921434,69.097404,Medium
49,55,51,24.87212063,93.90560147,6.676578778,135.16945249999998,papaya,155,51.666666666666664,23.35631447594545,62.466286,Medium
59,62,49,43.36051537,93.35191636,6.941496806,114.778071,papaya,170,56.666666666666664,40.47787204146735,60.65004,High
63,58,47,26.83054058,90.75379971,6.864143752,144.66564440000005,papaya,168,56.0,24.34973505908347,64.912476,High
70,65,52,30.42012134,93.12659793,6.583528529,75.95295,papaya,187,62.333333333333336,28.32922409011993,62.345467,High
63,50,52,28.64555584,93.22642604,6.751747609,115.8163936,papaya,165,55.0,26.7052279289245,61.93615,Medium
40,64,47,32.50037548,93.47888842,6.893509446,71.73759526,papaya,151,50.333333333333336,30.380989731030244,54.767406,Medium
63,58,50,43.03714283,94.6428898,6.720744449,41.5856585,papaya,171,57.0,40.73159566166551,53.933067,High
45,58,49,30.10773379,90.34546355,6.827812549,75.24521981,papaya,152,50.666666666666664,27.200971656975483,55.39536,Medium
66,69,47,23.69212243,93.61055571,6.912299695,87.53393983,papaya,182,60.666666666666664,22.178327466216555,62.67572,High
54,67,52,35.67667332,93.30641944,6.586107335,141.3381168,papaya,173,57.666666666666664,33.28862645019777,64.58281,High
69,67,52,27.71948962,94.43877142,6.827305908,82.83061083,papaya,188,62.666666666666664,26.177945441022427,63.392666,High
67,68,49,35.26824831,92.38282957,6.821774589,149.8488208,papaya,184,61.333333333333336,32.5818057285517,68.44457,High
45,57,47,23.16855863,90.78821158,6.656458831,161.68920930000004,papaya,149,49.666666666666664,21.034320029040746,63.09717,Medium
56,50,52,33.08706051,92.25197542,6.770384816,88.1300769,papaya,158,52.666666666666664,30.523466928885725,56.838314,Medium
70,50,53,37.4620912,90.44967809,6.933809742999999,172.3458448,papaya,173,57.666666666666664,33.88434089618222,67.47386,High
44,47,45,38.73218907,94.73613484,6.579441304,218.142147,papaya,136,45.333333333333336,36.693378863838944,66.656,Medium
50,60,47,32.57720726,92.74889453,6.92791761,93.7942847,papaya,157,52.333333333333336,30.214999602396905,57.79476,Medium
52,51,53,38.38231475,93.10378595,6.985804083,210.2735346,papaya,156,52.0,35.73538816749527,68.52483,Medium
35,68,45,42.93605359,90.09448142,6.612429546,234.8466111,papaya,148,49.333333333333336,38.68301482412379,69.780136,Medium
68,69,52,25.65492304,92.74501561,6.813383387000001,52.95477913,papaya,189,63.0,23.793662378181484,61.087948,High
32,55,52,37.58899717,91.99740365,6.967759599999999,159.6577388,papaya,139,46.333333333333336,34.58090145447197,61.1748,Medium
32,55,51,29.60718808,93.15642801,6.57398033,62.68710535,papaya,138,46.0,27.580998849530502,52.4631,Medium
48,62,47,25.34756111,93.02871078,6.803094965,174.40123369999995,papaya,157,52.333333333333336,23.58050931480566,67.1884,Medium
39,69,53,25.9300384,93.02357765,6.964955435,241.8202079,papaya,161,53.666666666666664,24.12104940569882,73.82771,Medium
49,61,45,32.76795887,94.57377401,6.764213299,240.4795923,papaya,155,51.666666666666664,30.98989536940355,72.706474,Medium
48,57,54,29.02328049,90.20396783,6.617703177999999,126.8069869,papaya,159,53.0,26.180150596410268,62.118855,Medium
69,66,49,40.00439101,90.17015833,6.52711001,92.11877372,papaya,184,61.333333333333336,36.07202271266929,61.053505,High
53,55,55,33.32315744,91.25271223,6.709668804,234.496633,papaya,163,54.333333333333336,30.40828496467304,72.987175,Medium
38,61,52,31.22790131,94.94021378,6.620729882000001,46.44279118,papaya,151,50.333333333333336,29.647836262721416,53.254986,Medium
57,64,55,26.68386496,92.9585411,6.583760498999999,62.50689682,papaya,176,58.666666666666664,24.8049315759101,58.762104,High
51,57,55,24.70528368,90.14732171,6.6764073370000006,108.4103158,papaya,163,54.333333333333336,22.271151558377728,60.5118,Medium
56,65,45,38.2016825,93.97379963,6.751298936,218.09088140000003,papaya,166,55.333333333333336,35.899572567838774,71.33434,Medium
54,66,52,36.56769731,93.79503425,6.867554147000001,104.4218596,papaya,172,57.333333333333336,34.29868421635083,61.308857,High
58,55,47,26.05375792,93.69111672,6.7424900270000006,240.6863901,papaya,160,53.333333333333336,24.410056742773442,74.969124,Medium
68,70,54,31.29986342,92.76039164,6.986228647000001,54.77830202,papaya,192,64.0,29.0338758911771,60.3759,High
42,59,55,40.10207731,94.35110201,6.979102243,149.1199989,papaya,156,52.0,37.83675187088716,62.364605,Medium
43,64,47,38.58954491,91.58076549,6.8256647820000005,102.2708231,papaya,154,51.333333333333336,35.34060062768533,56.646942,Medium
35,67,49,41.31330062,91.1508798,6.617066674,239.7427554,papaya,151,50.333333333333336,37.657436989548856,69.855965,Medium
56,59,55,37.03551903,91.79430166,6.551892637999999,188.5181422,papaya,170,56.666666666666664,33.996496059744906,68.255585,High
39,64,53,23.012401800000006,91.07355541,6.598860305,208.3357976,papaya,156,52.0,20.958212504494842,69.39004,Medium
18,30,29,26.762749300000007,92.86056895,6.4200187170000005,224.5903664,coconut,77,25.666666666666668,24.85204126664215,59.00654,Low
37,23,28,25.61294367,94.3138837,5.7400545670000005,224.3206759,coconut,88,29.333333333333332,24.156561905070312,60.465088,Low
13,28,33,28.130115000000004,95.64807631,5.686972967000001,151.0761899,coconut,74,24.666666666666668,26.90591386129076,51.208946,Low
2,21,35,25.02887163,91.53720922,6.293662362999999,179.8248944,coconut,58,19.333333333333332,22.910730589358323,50.840527,Low
10,18,35,27.79797651,99.64573002,6.381975465,181.6942283,coconut,63,21.0,27.69949662417762,55.040104,Low
7,11,32,29.25902906,95.11294697,5.542169138999999,184.7624496,coconut,50,16.666666666666668,27.829124793774685,50.450188,Low
39,5,31,27.10134661,93.69979946,5.551963184,150.9502632,coconut,75,25.0,25.393907424529505,51.35206,Low
34,6,27,25.84726298,90.92669463,5.8607404810000014,147.8888994,coconut,67,22.333333333333332,23.502061880037637,49.06387,Low
31,30,29,26.58580443,90.98617591,5.558807063,178.8116076,coconut,90,30.0,24.189406785768373,55.32288,Low
25,7,35,28.38503882,99.18843684,5.55771171,189.67113490000003,coconut,67,22.333333333333332,28.154676301985177,55.127357,Low
16,18,26,28.43647052,91.81320717,5.568365926,145.54144130000003,coconut,60,20.0,26.108435590363573,47.935566,Low
26,10,33,28.27298134,96.93649473,6.07071786,198.8234862,coconut,69,23.0,27.406837066662987,55.57592,Low
27,8,32,27.00648436,96.46168931,5.627860548999998,144.3331315,coconut,67,22.333333333333332,26.05091103689694,49.545258,Low
37,18,30,27.63551259,99.34854917,6.38488418,157.91715369999997,coconut,85,28.333333333333332,27.45548081385769,54.935318,Low
19,15,34,26.29644905,99.65809151,5.6858890660000005,215.9195049,coconut,68,22.666666666666668,26.206539258129528,58.024776,Low
0,19,33,27.1326009,95.23797989,6.234458417000001,204.7206567,coconut,52,17.333333333333332,25.84054098877596,52.42703,Low
31,20,26,25.56567803,97.61361544,6.443168642000001,199.7936345,coconut,77,25.666666666666668,24.95558263683277,56.774364,Low
9,17,32,25.94951662,93.40548703,5.842317989,172.0540491,coconut,58,19.333333333333332,24.238272380841796,50.01169,Low
22,11,29,28.03380598,95.01630593,5.955742971,218.0055713,coconut,62,20.666666666666668,26.636686853779434,56.24894,Low
31,6,26,29.12859129,91.30924833,5.741367375,157.2388553,coconut,63,21.0,26.59709775601685,49.18365,Low
34,6,30,27.0828252,97.00155491,5.948342571,171.7575545,coconut,70,23.333333333333332,26.270761557557318,53.315693,Low
24,6,32,28.11321494,90.01734526,6.387067562,172.48136409999995,coconut,62,20.666666666666668,25.306769756225698,50.990414,Low
1,8,26,27.5136304,94.18955816,5.562911913,156.6732553,coconut,35,11.666666666666666,25.91496690753544,44.789417,Low
31,13,33,27.63834933,95.48763389,5.85971872,205.5463111,coconut,77,25.666666666666668,26.391205821469665,56.618732,Low
10,9,28,29.01256899,94.01014388,6.282955072999999,150.05003119999995,coconut,47,15.666666666666666,27.274757850783264,46.498444,Low
36,27,26,26.58413917,95.78923137,6.25449571,171.6262299,coconut,89,29.666666666666668,25.464742577274095,55.549202,Low
38,24,33,28.28905147,97.00396405,5.973853124,142.9403233,coconut,95,31.666666666666668,27.441501318044793,54.07202,Low
11,6,25,28.69164799,96.65248672,6.081568052000001,178.9635457,coconut,42,14.0,27.731191263283893,48.082428,Low
16,14,30,29.70931288,96.30484325,6.37466756,209.84539930000005,coconut,60,20.0,28.61150719973606,55.517254,Low
33,14,35,27.14865285,96.66355213,6.027707171,149.2433497,coconut,82,27.333333333333332,26.242852200252482,53.52227,Low
16,6,29,29.28725038,91.95614918,5.868285082000001,132.1491176,coconut,51,17.0,26.931427650152912,44.637714,Low
32,11,31,25.06871967,93.31410447,6.205931637999999,134.84190690000003,coconut,74,24.666666666666668,23.39265126215524,49.174793,Low
38,14,30,26.92449525,91.20106019,5.5707453860000005,194.9022136,coconut,82,27.333333333333332,24.55542511880619,56.16559,Low
8,6,33,28.27804288,93.64761266,6.095261012999999,171.9457959,coconut,47,15.666666666666666,26.481712064091106,48.114094,Low
23,6,33,29.18032562,92.73041222,6.025789594,204.9603677,coconut,62,20.666666666666668,27.059036234564275,54.012043,Low
29,25,35,28.3575072,91.64509299,5.542873799,160.73069909999995,coconut,89,29.666666666666668,25.988263843085942,54.944565,Low
24,14,33,29.38072512,93.27565685,6.366219551,218.5241851,coconut,71,23.666666666666668,27.40506434297295,56.5299,Low
32,12,30,25.39241091,98.08951196,5.579845008,218.080385,coconut,74,24.666666666666668,24.907291936496794,58.137356,Low
30,25,31,26.31270635,98.62048026,5.804965067,208.1181381,coconut,86,28.666666666666668,25.949717371773513,59.514557,Low
14,21,35,29.52501367,91.91185319,6.121005506,194.3100272,coconut,70,23.333333333333332,27.136987218697833,55.000805,Low
27,22,29,28.83214859,92.17170353,6.000248647,145.41723869999996,coconut,78,26.0,26.575082519703873,51.281063,Low
40,5,29,28.48444906,97.76865458,5.820978791,160.389421,coconut,74,24.666666666666668,27.84886261048746,53.23265,Low
17,11,32,28.74013335,93.39676499,5.620733794,156.76508230000005,coconut,60,20.0,26.842354802712112,49.134296,Low
30,30,35,25.00872392,95.59224018,6.001936419,165.8092179,coconut,95,31.666666666666668,23.906399435559514,56.57299,Low
28,10,30,29.8690834,91.14723422,6.305740522000001,192.7678575,coconut,68,22.666666666666668,27.22484340596514,53.58024,Low
39,7,29,27.54273211,94.59086121,6.362544111,150.2012138,coconut,75,25.0,26.052907503612204,51.867695,Low
32,20,35,26.52166434,98.38227669,5.588655387,144.6261698,coconut,87,29.0,26.09261719377186,53.498985,Low
7,15,32,25.03512351,95.89739958,6.182232762000001,174.796583,coconut,54,18.0,24.00803242773122,49.827248,Low
29,17,29,29.20394909,95.66997327,5.959493188,211.2506267,coconut,75,25.0,27.939410288187403,57.20207,Low
34,15,34,27.05826457,91.10510371,5.677282677999999,224.70069530000004,coconut,83,27.666666666666668,24.65145999862468,59.265766,Low
14,23,25,26.18552389,96.96637916,5.6121227970000005,135.4186222,coconut,62,20.666666666666668,25.391154380209784,47.55537,Low
18,19,29,27.59376845,92.48519606,6.206077742000001,162.8432736,coconut,66,22.0,25.520150851324924,51.683662,Low
7,21,35,25.76011662,94.65830608,5.764812076,131.24514140000002,coconut,63,21.0,24.38409003672455,47.038387,Low
24,27,34,28.87862994,95.11320315,6.203376525,145.0583117,coconut,85,28.333333333333332,27.467389961768923,52.639683,Low
39,29,29,26.50908611,94.48414544,6.143662699,199.8778403,coconut,97,32.333333333333336,25.04688347498724,58.97008,Low
29,8,28,26.87037587,91.72546257,6.100429497,214.4128874,coconut,65,21.666666666666668,24.646976561055162,55.574146,Low
10,24,27,27.57283516,94.90485697,5.7084096010000005,145.9298935,coconut,61,20.333333333333332,26.167959771171873,48.278114,Low
0,29,32,28.05912437,98.3670985,5.868255858,171.65163959999995,coconut,61,20.333333333333332,27.600946507275403,51.560272,Low
32,11,31,29.51611558,92.56492864,6.461225827000001,131.2116167,coconut,74,24.666666666666668,27.321571323926925,48.54563,Low
37,10,32,28.96318258,95.16333673,6.165084855,222.803013,coconut,79,26.333333333333332,27.5623309663301,57.843853,Low
20,29,27,25.09897688,92.36099489,6.047044342,157.7592626,coconut,76,25.333333333333332,23.18166475357908,51.599617,Low
31,29,35,27.1872282,92.19906776,6.137102505,141.3220576,coconut,95,31.666666666666668,25.066370950183828,53.471233,Low
17,30,27,29.03065024,90.79093862,5.894027065,205.5720367,coconut,74,24.666666666666668,26.357199840385285,55.226753,Low
1,12,30,27.754298,95.94643831,5.56222383,131.09000759999998,coconut,43,14.333333333333334,26.629260408943566,44.2714,Low
6,13,29,27.31155708,99.96906006,5.832608027999999,201.8258633,coconut,48,16.0,27.303106900626386,52.986492,Low
15,28,32,28.84270971,99.64328526,6.2185718739999984,224.4016682,coconut,75,25.0,28.739823513049018,59.253708,Low
27,24,29,26.61423461,96.97300803,6.142010637,191.006688,coconut,80,26.666666666666668,25.80862386547834,57.439716,Low
3,23,30,29.70143197,95.65754365,6.078807239,215.1968037,coconut,56,18.666666666666668,28.411660251377803,54.770344,Low
8,26,26,25.54759871,91.64194826,5.702484758,212.867626,coconut,60,20.0,23.41231719149063,54.620712,Low
20,28,26,26.37978453,91.49882979,5.547594847,167.0470997,coconut,74,24.666666666666668,24.13719414607345,52.383972,Low
26,18,27,27.45907759,92.90736493,5.836075368,142.1430003,coconut,71,23.666666666666668,25.51150542295315,49.76416,Low
1,6,35,27.02269204,95.71935435,6.231662767,147.16824590000004,coconut,42,14.0,25.865946348676843,46.327755,Low
27,30,31,28.98545306,90.73966792,5.718120393,148.8398374,coconut,88,29.333333333333332,26.30130385175148,52.97714,Low
23,7,34,26.1055118,91.52421214,5.852038202,134.1279669,coconut,64,21.333333333333332,23.892864000064733,47.01677,Low
0,26,31,25.0707247,95.02156793,5.547933273,192.9036306,coconut,57,19.0,23.82259570135379,52.97817,Low
38,6,25,25.54963273,96.92786777,6.156259104,191.2996157,coconut,69,23.0,24.764714228255045,54.43673,Low
25,12,26,28.56973521,95.67906668,6.436314406,134.83703480000003,coconut,63,21.0,27.33525600187534,47.58774,Low
40,5,32,26.07010807,96.7036223,5.981169595,143.533473,coconut,77,25.666666666666668,25.21073884121462,51.54404,Low
0,19,31,25.51791333,94.38420565,6.271952832999999,178.7297725,coconut,50,16.666666666666668,24.084879794975965,49.261414,Low
26,9,32,25.9490364,94.73860514,6.470465614,144.15711090000005,coconut,67,22.333333333333332,24.583755132630873,49.57702,Low
35,30,34,28.2974764,95.41122824,6.141502001,182.4482352,coconut,99,33.0,26.998969794164136,58.691326,Low
19,30,30,29.56549169,91.40896307,5.826381164,224.83157290000003,coconut,79,26.333333333333332,27.025509380376022,58.440453,Low
31,13,33,29.69952329,95.21224392,6.342463714,148.30036919999995,coconut,77,25.666666666666668,28.27758255795201,52.59265,Low
17,29,26,26.14162144,93.28415295,6.071897347,195.4115025,coconut,72,24.0,24.385990127699596,55.4244,Low
2,30,30,26.00175125,94.79998418,6.331051715,209.540094,coconut,62,20.666666666666668,24.649656071522955,55.364536,Low
30,13,25,27.15116142,91.48889469,6.413184638,164.9182225,coconut,68,22.666666666666668,24.840297478655707,50.91001,Low
8,15,33,28.97318719,98.09861043,5.50158009,213.9011021,coconut,56,18.666666666666668,28.422294030672766,54.73871,Low
18,12,35,26.13958446,96.38580769,6.338720873,131.3387935,coconut,65,21.666666666666668,25.19484960858072,48.131493,Low
8,28,30,25.51618488,94.33465411,6.015672239,135.1272491,coconut,66,22.0,24.07060474861612,47.379112,Low
40,22,29,27.55821802,99.98187601,5.735364307,174.62564809999995,coconut,91,30.333333333333332,27.553223371321877,56.707928,Low
27,10,33,27.81132822,97.48410555,6.465906333,154.06212209999995,coconut,70,23.333333333333332,27.111624556841733,51.327023,Low
21,20,31,25.60033702,99.7240104,5.855457599,165.82487319999996,coconut,72,24.0,25.529682752259852,53.12592,Low
3,9,35,26.91641934,99.84671638,6.318552972999999,225.6323656,coconut,47,15.666666666666666,26.87516087806127,55.35356,Low
22,16,27,29.1797902,90.27214288,6.006784979,188.9252083,coconut,65,21.666666666666668,26.341221901428238,53.08999,Low
27,8,30,26.44600063,98.29937782,6.008386282999999,221.2258168,coconut,65,21.666666666666668,25.99625407756328,57.172012,Low
22,8,33,28.43572863,95.8840407,5.665785202,203.9283708,coconut,63,21.0,27.265325612930752,54.758068,Low
28,27,32,28.94099669,93.00109012,5.764615485,191.7723087,coconut,87,29.0,26.915442413293118,57.062305,Low
23,21,26,26.45488737,93.45042636,5.901495543999999,149.2220255,coconut,70,23.333333333333332,24.72220504032279,50.517593,Low
37,5,34,25.79490531,93.84150618,5.779032666,152.42387119999995,coconut,76,25.333333333333332,24.2063276606088,51.92336,Low
19,26,29,26.93141945,98.80313612,5.67154928,166.5712879,coconut,74,24.666666666666668,26.60908701823166,54.066795,Low
133,47,24,24.40228894,79.19732001,7.231324765,90.8022356,cotton,204,68.0,19.325958861576634,62.62412,High
136,36,20,23.09595631,84.86275707,6.925412377000001,71.29581071,cotton,192,64.0,19.599865296348636,60.441265,High
104,47,18,23.9656349,76.97696717,7.633437412,90.75616738,cotton,169,56.333333333333336,18.44801890905506,57.45936,High
133,47,23,24.88738107,75.62137159,6.827354668,89.76050416,cotton,203,67.66666666666667,18.820178917964018,60.960106,High
126,38,23,25.36243778,83.63276077,6.176716425,88.43618918,cotton,187,62.333333333333336,21.2113069139875,61.06715,High
126,50,19,24.69457084,81.7358876,6.6287228360000015,78.58494391,cotton,195,65.0,20.184326665084775,61.457916,High
113,41,20,25.0017188,80.53965818,7.256877571,96.32600992,cotton,174,58.0,20.136298860644796,59.187885,High
121,45,22,22.45942937,81.30681027,6.443785385,64.23026638,cotton,188,62.666666666666664,18.261045625590555,57.827988,High
121,47,16,23.60564038,79.29573149,7.7232401510000015,72.49800885,cotton,184,61.333333333333336,18.718265212219816,58.73741,High
129,60,22,24.58453146,79.12404171,5.947448589,71.94608134,cotton,211,70.33333333333333,19.452274926618472,63.354992,High
107,45,25,23.0865933,83.55546146,7.2277455160000015,71.84080724,cotton,177,59.0,19.290109567208443,57.628784,High
122,59,18,23.5000992,83.63488952,6.219469084,79.81328183,cotton,199,66.33333333333333,19.654282003010405,61.504738,High
140,38,15,24.1472953,75.88298598,6.021439523,69.91563467,cotton,193,64.33333333333333,18.3236887070482,59.61255,High
102,49,21,24.69315538,84.84422454,6.253343655,89.799462,cotton,172,57.333333333333336,20.95071619661829,59.717594,High
111,40,25,24.48469200000001,84.44932014,6.187455798999999,90.94342484,cotton,176,58.666666666666664,20.677155932372976,59.51827,High
131,35,18,24.49112609,82.24415809,7.0576933660000005,64.02949379,cotton,184,61.333333333333336,20.142520459480835,57.901173,High
135,43,16,23.47986888,81.73049149,6.720449769,86.76287924,cotton,194,64.66666666666667,19.19021223683156,61.38377,High
100,46,18,24.18586246,76.04203958,6.4316895060000006,69.08056728,cotton,164,54.666666666666664,18.39142310459756,54.364567,Medium
123,39,24,25.00755095,78.17952126,7.453106264,86.06411872,cotton,186,62.0,19.550783611560583,59.621826,High
117,56,15,25.99237426,77.0543546,7.368258226,89.1188212,cotton,188,62.666666666666664,20.028256231259526,60.222782,High
121,36,24,23.66457347,81.69105088,7.352401887,99.36898373,cotton,181,60.333333333333336,19.331838753912685,61.384422,High
101,58,18,25.66891439,81.38103349,6.652143699,78.59595817,cotton,177,59.0,20.88962781624533,58.18183,High
107,42,24,22.04612876,84.62978302,6.144631795,86.00758678,cotton,173,57.666666666666664,18.657590933897815,58.14489,High
100,41,22,22.4204752,84.55794703,7.318802162000001,93.46595573,cotton,163,54.333333333333336,18.958293543490285,57.58742,Medium
125,39,21,25.03149561,82.21276599,7.954629324,95.0191318,cotton,185,61.666666666666664,20.579084909646422,61.621826,High
105,60,23,23.53371386,77.21705554,6.207652157,87.54004943,cotton,188,62.666666666666664,18.17204090190088,59.719357,High
102,46,19,22.77076388,82.5993307,6.631005298,81.49543437,cotton,167,55.666666666666664,18.80849856015735,56.852547,Medium
131,49,22,25.49848236,79.9751579,7.306918817000001,67.05961949,cotton,202,67.33333333333333,20.392451529513647,60.66927,High
139,35,15,25.248679,83.4630147,5.898293044,86.55517751,cotton,189,63.0,21.07330866532581,61.30355,High
108,36,19,22.78249615,77.51235009,7.238566893,64.61444234,cotton,163,54.333333333333336,17.65924817502877,53.46884,Medium
118,45,23,23.37044424,77.43198948,7.977651226,71.67870701,cotton,186,62.0,18.096199925346067,58.847923,High
107,51,22,24.86560781,78.22080815,5.983075895,79.56866268,cotton,180,60.0,19.450079380391518,59.04462,High
125,60,17,24.14386157,84.51591287,6.785723961,80.36146974,cotton,202,67.33333333333333,20.405405007954613,62.717823,High
113,37,20,25.03300222,79.04368718,7.393441155,97.10087029,cotton,170,56.666666666666664,19.787007966539257,58.591385,High
131,52,16,23.65724079,84.47601498,6.486068274,88.54479121,cotton,199,66.33333333333333,19.98469427361507,62.826298,High
115,48,16,25.54359718,84.09229796,7.175934962,88.94245493,cotton,179,59.666666666666664,21.480197850307754,59.995937,High
113,38,25,22.00085141,79.47270984,7.388265887999999,90.42224164,cotton,176,58.666666666666664,17.484672803398848,58.245407,High
111,41,18,23.64328417,78.1258666,6.10539819,80.96157332,cotton,170,56.666666666666664,18.471520650513117,56.38782,High
111,53,19,23.96436009,78.02763149,6.419536555,84.63148859,cotton,183,61.0,18.698822579961835,59.21802,High
122,48,16,24.65425757,75.6350708,6.307585854,61.82980133,cotton,186,62.0,18.647265168283855,56.389225,High
108,46,17,24.3017998,84.87668973,6.93221485,65.0247867,cotton,171,57.0,20.62656321505176,56.373642,High
132,41,22,24.29144926,81.02453404,7.810865753,90.41694635,cotton,195,65.0,19.68203357447803,62.12867,High
103,42,17,24.29470232,84.61527627,6.527541661,81.05902285,cotton,162,54.0,20.557029487042097,56.666927,Medium
133,50,25,25.72180042,81.19666206,7.569454601,99.93100821,cotton,208,69.33333333333333,20.885243362775057,65.91779,High
127,37,18,24.87663664,76.30050373,7.041065585,91.9223468,cotton,182,60.666666666666664,18.98099906740175,60.07074,High
110,39,25,22.60612115,77.34264002,7.208795456,75.13617229,cotton,174,58.0,17.484170903529584,56.483707,High
131,38,19,23.86814008,75.68339729,6.814341946,90.4547185,cotton,188,62.666666666666664,18.064219282480124,60.376442,High
108,38,24,23.41022496,76.43836957,7.442217061,78.82199603,cotton,170,56.666666666666664,17.894394272093187,55.98741,High
122,40,17,24.96440768,81.31677618,6.854558957,80.03995829,cotton,179,59.666666666666664,20.300251517808334,58.98628,High
111,50,15,25.16820129,80.30351815,7.884550475,84.62419032,cotton,176,58.666666666666664,20.210951090943684,58.33355,High
140,40,17,22.72767171,77.07598065,6.006085786,77.55176318,cotton,197,65.66666666666667,17.517575849395126,60.116028,High
100,40,20,22.45145981,76.25674874,7.432043735,86.84998693,cotton,160,53.333333333333336,17.12075329577378,54.708527,Medium
123,50,16,23.04920461,75.53835214,6.498052108,70.65644296,cotton,189,63.0,17.410989343770915,58.2759,High
107,36,21,25.29250148,75.66653335,6.205263534,62.64174227,cotton,164,54.666666666666664,19.13795906741344,53.08605,Medium
118,50,19,22.95604064,82.33733678,6.360812227,66.48339303,cotton,187,62.333333333333336,18.901392493110468,58.926006,High
103,51,20,22.80213132,84.14668447,7.0466074339999984,91.6389565,cotton,174,58.0,19.187237494275447,59.338203,High
133,57,19,23.54234715,75.98203329,7.947011366,84.12536744,cotton,209,69.66666666666667,17.887954048760367,62.840183,High
129,47,20,24.41212325,80.80343786,6.281913857999999,98.60457373,cotton,196,65.33333333333333,19.725834840620365,62.947395,High
116,52,19,22.94276687,75.37170612,6.114525877,67.08022574,cotton,187,62.333333333333336,17.292354821053124,57.458256,High
114,40,23,25.53676123,81.13668716,6.7539780610000015,95.4262599,cotton,177,59.0,20.719682069981268,59.664463,High
131,60,17,25.32023717,81.79475917,7.4250413160000015,83.46532547,cotton,208,69.33333333333333,20.710627014474326,64.42329,High
107,43,18,22.426733,81.53480799,6.745104394,65.54475812,cotton,168,56.0,18.285593689979965,55.26563,High
123,44,21,25.78544484,75.00539324,7.6411165689999985,91.39578861,cotton,188,62.666666666666664,19.34047430092529,60.024128,High
112,49,25,25.68959532,77.90621048,6.470135478,66.19426787,cotton,186,62.0,20.01379020145943,58.650864,High
119,44,15,22.14593688,82.85975490000001,7.091992365,60.65381719,cotton,178,59.333333333333336,18.350069019076713,55.976593,High
130,59,19,25.07278712,82.50257909,6.520403794,93.51042684,cotton,208,69.33333333333333,20.685696023745333,65.430626,High
127,53,24,22.21506982,76.17851932,6.127939627999999,70.40557612,cotton,204,68.0,16.92311125478019,59.5848,High
134,52,18,23.9643129,76.59175937,7.994679507000001,76.13090645,cotton,204,68.0,18.35468887104187,60.944344,High
109,36,18,25.40059227,76.53237965,7.524707577,62.51388670000001,cotton,163,54.333333333333336,19.439677709424952,52.96692,Medium
100,48,17,23.7805123,83.03878838,7.827877817999999,66.26555904,cotton,165,55.0,19.747049284476873,55.898514,Medium
132,52,19,24.16402322,76.7433897,6.436691764,61.94626051,cotton,203,67.66666666666667,18.544290506923087,58.72379,High
102,37,25,25.31468463,77.91757121,5.907930899,72.82902109,cotton,164,54.666666666666664,19.724587423167176,55.66957,Medium
111,39,22,22.60361557,80.35090459999998,6.135025006,88.57395505,cotton,172,57.333333333333336,18.16220958280144,57.50953,High
117,51,15,22.9535715,78.71555832,6.044556594,99.75336197,cotton,183,61.0,18.068031960605396,60.984966,High
136,36,24,22.74446976,80.41198458,7.59781958,90.07326633,cotton,196,65.33333333333333,18.289279516213963,61.968765,High
134,56,18,23.80834611,83.91902605,6.691268104,70.97358303,cotton,208,69.33333333333333,19.97973217412506,63.47002,High
112,54,15,25.46228792,81.56641891,6.1754923060000015,76.88582484,cotton,181,60.333333333333336,20.768676428897525,59.77382,High
105,56,15,25.96779712,81.97904282,7.272316208999999,74.14169043,cotton,176,58.666666666666664,21.288151520415525,58.295086,High
140,45,15,25.5308271,80.04662756,5.801047545,99.39557151,cotton,200,66.66666666666667,20.43656608172455,63.45151,High
126,46,25,24.43847399,81.69801729,6.757457943,60.79645852,cotton,197,65.66666666666667,19.96574870576235,59.752316,High
106,49,24,23.03887865,76.47039772,6.983395572999999,90.64770699,cotton,179,59.666666666666664,17.617922133883166,58.80061,High
121,53,19,23.51308653,76.72621429,7.976889497999999,80.11272117,cotton,193,64.33333333333333,18.040701157200925,59.884964,High
108,60,17,22.75805656,76.75768356,6.558902588,97.76600619,cotton,185,61.666666666666664,17.468557038730623,60.8609,High
116,56,17,24.71252544,77.7293114,7.979090365,85.24963302,cotton,189,63.0,19.20887585406182,60.10372,High
100,52,19,23.45969093,82.44777468,7.903528672999999,93.50153555,cotton,171,57.0,19.341993118590796,58.626953,High
129,43,16,25.5503704,77.85055621,6.73210948,78.58488484,cotton,188,62.666666666666664,19.8911054701152,60.084175,High
118,44,23,22.08458267,82.82904143,6.6916904760000016,67.06459777,cotton,185,61.666666666666664,18.2924481293769,59.018185,High
117,43,25,24.68854799,78.51206972,7.839849298,69.31153566,cotton,185,61.666666666666664,19.383490010764458,58.99211,High
126,37,21,25.84997269,84.16855231,6.61448588,77.03421249,cotton,184,61.333333333333336,21.757547785703363,60.531555,High
120,48,16,22.46054478,75.40989245,7.456971816,71.85436078,cotton,184,61.333333333333336,16.93747266228209,57.240837,High
102,45,16,23.65629976,77.52425987,7.2942193,74.8984994,cotton,163,54.333333333333336,18.339371301568587,54.94377,Medium
131,56,20,22.00817088,81.83896111,7.762647875,92.23645249,cotton,207,69.0,18.011258407505544,64.758446,High
114,40,17,24.32630461,80.13456404,6.363406102000001,69.45072055,cotton,171,57.0,19.49377814626592,56.06314,High
101,37,18,22.92360984,82.68738535,7.63737841,92.91915074,cotton,156,52.0,18.95493360453132,55.904686,Medium
106,46,20,23.43821725,78.63388824,6.2006719760000015,81.15072105,cotton,172,57.333333333333336,18.4303815578134,56.929455,High
113,38,20,22.10718988,78.58320116,6.364729934,74.94136567,cotton,171,57.0,17.372537494223565,56.068394,High
102,53,21,23.03814028,76.11021529,6.913678684,91.49697481,cotton,176,58.666666666666664,17.53437816592021,57.932102,High
110,39,18,24.54795322,75.39752705,7.766259768999999,63.88079866,cotton,167,55.666666666666664,18.508549669270845,53.636703,Medium
107,58,15,23.73868041,75.77503808,7.55606399,76.63669195,cotton,180,60.0,17.987994120367,57.809254,High
120,60,15,22.31871914,83.86129998,7.288377241,65.35747011,cotton,195,65.0,18.716768009689073,59.60993,High
89,47,38,25.52468965,72.24850829,6.002524871,151.8869972,jute,174,58.0,18.441207517777023,63.57712,High
60,37,39,26.59104992,82.94164078,6.033485257000001,161.2469997,jute,136,45.333333333333336,22.055053104276876,60.081528,Medium
63,41,45,25.29781791,86.88705350000002,7.121933578999999,196.6249511,jute,149,49.666666666666664,21.98052858179429,66.36776,Medium
86,40,39,25.72100868,88.16513579,6.207459637,175.60866969999995,jute,165,55.0,22.676962229279685,67.08236,Medium
96,41,40,23.58419277,72.00460848,6.090060478,190.4242157,jute,177,59.0,16.981705667206967,66.61138,High
100,35,36,25.31042337,72.01364411,6.346715209,190.5577618,jute,171,57.0,18.226958208406067,67.137184,High
63,37,43,23.41798979,85.08640476,6.661957897000001,185.7446728,jute,143,47.666666666666664,19.925525579374874,64.40337,Medium
70,43,40,24.35564134,88.80391021,6.176860192,169.11680280000004,jute,153,51.0,21.62876186664324,63.511345,Medium
67,55,44,26.284017,75.14640198,7.251847296,182.2685447,jute,166,55.333333333333336,19.751493071311533,66.13533,Medium
74,40,40,25.13842773,83.12053888,6.386259977999999,169.33884650000005,jute,154,51.333333333333336,20.895196595135353,63.176895,Medium
89,53,44,24.88692811,71.91711523,7.319735475,150.2498675,jute,186,62.0,17.89796076607596,65.71724,High
74,46,45,25.75734909,88.36668522,6.025028997000001,189.4263485,jute,165,55.0,22.760915591376833,68.76038,Medium
89,41,38,23.12844351,74.68322732,6.344751947000001,199.83629130000003,jute,168,56.0,17.27306804215109,67.000854,High
60,55,40,24.9949957,88.95692783,7.02777956,151.4935635,jute,155,51.666666666666664,22.234780285960607,63.753223,Medium
67,43,38,25.21622704,70.88259632,7.299304715,195.8645552,jute,148,49.333333333333336,17.87391641989789,64.00805,Medium
70,38,35,24.39736241,79.26861738,7.014063944,164.2697011,jute,143,47.666666666666664,19.339451859594845,60.86421,Medium
74,49,38,23.31410442,71.4509053,7.4880144039999985,164.49703730000004,jute,161,53.666666666666664,16.658138670677314,62.206482,Medium
90,40,39,25.72668885,81.86171563,6.626503893,191.9649389,jute,169,56.333333333333336,21.06030886740192,68.273506,High
82,35,44,26.96656378,78.21047693,6.239011,169.8391177,jute,161,53.666666666666664,21.090678143970635,64.779785,Medium
73,45,37,23.70467146,74.63745355,6.742688094,181.2783964,jute,155,51.666666666666664,17.69256315013761,63.486156,Medium
85,53,38,24.90075709,73.84186449,6.588017308,153.8990984,jute,176,58.666666666666664,18.387183307381868,63.97141,High
81,56,36,23.39605743,72.60512854,7.097586415,174.78764109999997,jute,173,57.666666666666664,16.98673757034372,65.57718,High
84,55,38,26.8748389,79.78725152,6.956682742999999,173.1017097,jute,177,59.0,21.442695308737804,66.901634,High
80,45,42,23.1426498,74.99739774,7.380396262,151.9035477,jute,167,55.666666666666664,17.356385118081313,62.686344,Medium
76,54,45,24.29496635,77.62976013,6.176618831,184.9800516,jute,175,58.333333333333336,18.860124101169216,67.44972,High
76,56,39,24.39459498,89.89106506,6.551130445,197.1220049,jute,171,57.0,21.928561244595294,69.95488,High
81,40,45,25.7629429,80.76238215,6.427726565,174.5071843,jute,166,55.333333333333336,20.806766397984287,66.04635,Medium
76,44,45,25.4879684,84.48235878,6.740947635,168.7848886,jute,165,55.0,21.532836909421025,65.648384,Medium
69,47,40,25.37122686,76.2403666,6.130136384,183.8270791,jute,156,52.0,19.34311636898167,64.689026,Medium
82,40,45,26.21312799,81.70476368,6.667633355,180.1237765,jute,167,55.666666666666664,21.417374277365433,66.677734,Medium
69,57,35,24.30748599,78.54340987,6.1868143920000005,186.2337571,jute,161,53.666666666666664,19.09192835021853,65.85445,Medium
81,36,38,23.76554749,87.98329901,6.334837865,150.31661519999997,jute,155,51.666666666666664,20.90971270949025,63.176983,Medium
67,60,38,24.79853023,78.53037059,7.16214284,162.2847429,jute,165,55.0,19.47437769049218,64.445816,Medium
72,51,40,23.20683504,74.09956958,7.422318499,199.4766779,jute,163,54.333333333333336,17.19616487778062,66.18751,Medium
65,39,45,23.66805429,70.89000744,6.768001309,184.4633281,jute,149,49.666666666666664,16.77828544708424,63.146465,Medium
78,50,43,25.12417673,85.72530641,6.348441469,159.5718087,jute,171,57.0,21.537777484782417,65.52426,High
77,52,41,23.89069041,83.46409075,6.097294061,167.72306319999996,jute,170,56.666666666666664,19.940147524603947,66.042854,High
89,52,42,23.09433785,81.45139295,6.14132902,196.6587013,jute,183,61.0,18.81065987140408,70.377205,High
62,49,37,24.21744605,82.85284045,7.479248124,166.13658859999995,jute,148,49.333333333333336,20.06484193687133,62.42372,Medium
90,48,45,24.06475727,71.31342851,6.509174788999999,153.63902119999997,jute,183,61.0,17.161403471846477,64.99745,High
66,47,36,24.85441411,74.44070479999998,6.57256106,175.572958,jute,149,49.666666666666664,18.501801037394642,62.108624,Medium
80,52,39,26.41915161,76.85691248,7.165696848,197.2101782,jute,171,57.0,20.30494423085621,68.226875,High
89,52,45,24.89326318,77.01222585,7.207457207999999,196.469984,jute,186,62.0,19.17085606161649,69.973656,High
77,51,44,23.25583402,82.7015932,7.124333547000001,166.2160846,jute,172,57.333333333333336,19.23294524648761,66.36869,High
94,37,41,24.7634518,87.06071115,6.4635387070000005,179.1630865,jute,172,57.333333333333336,21.559237242367477,68.10334,High
75,41,35,24.97042599,78.62697699,6.856833064,166.6415254,jute,151,50.333333333333336,19.63349109746228,61.581314,Medium
60,55,36,26.12797248,80.49172597,7.132389299,150.6326874,jute,151,50.333333333333336,21.030856010118615,60.493786,Medium
62,56,35,25.97825807,81.65769588,6.235357637999999,163.3488091,jute,153,51.0,21.21324696972216,62.900467,Medium
84,40,42,26.2830571,73.35763537,6.704273839,186.6898282,jute,166,55.333333333333336,19.280629191506897,66.07844,Medium
100,56,40,26.38905406,83.31240346,7.433313409,176.1516409,jute,196,65.33333333333333,21.98535518774471,71.12083,High
75,56,44,25.2746335,73.7459581,6.109478059,168.0432282,jute,175,58.333333333333336,18.639020630838562,64.94762,High
78,46,42,23.09499564,78.45959697,7.095413294,155.3851533,jute,166,55.333333333333336,18.120240499383073,63.138287,Medium
82,48,36,25.79351957,81.76904006,6.352076782999999,193.2418382,jute,166,55.333333333333336,21.09111335007724,67.98689,Medium
100,58,41,23.17403323,87.88255345,6.6587699910000016,160.6217342,jute,199,66.33333333333333,20.36593213987551,70.14518,High
88,50,40,25.63215038,79.95150917,7.0518224720000005,182.2582277,jute,178,59.333333333333336,20.49329106153389,68.65106,High
67,41,40,25.84879500000001,87.81661683,7.333143205,152.6194403,jute,148,49.333333333333336,22.69953726032221,60.20582,Medium
72,42,43,26.56767277,80.90424543,6.352771037,181.2915605,jute,157,52.333333333333336,21.49437518288008,64.78466,Medium
89,40,43,26.24532085,72.97198375,7.124050134,189.9711184,jute,172,57.333333333333336,19.151731265797363,67.30321,High
89,57,43,26.91515043,73.19897535,6.998787171,177.22330480000005,jute,189,63.0,19.70161432867112,69.04786,High
61,41,44,24.36972377,82.11319791,6.537914957999999,159.92109340000005,jute,146,48.666666666666664,20.01075950938041,61.095596,Medium
79,45,43,25.71901283,79.15532398,7.171054239,187.1735424,jute,167,55.666666666666664,20.357967930044268,66.75243,Medium
84,40,43,25.01157559,88.33130229999998,7.228268227999999,169.4168014,jute,167,55.666666666666664,22.093050444395903,67.150764,Medium
98,43,35,25.40785911,76.44048625,7.319952206,188.6372826,jute,176,58.666666666666664,19.421891049398923,67.48474,High
75,36,44,23.28081,74.27607475,6.613341342999999,153.7447398,jute,155,51.666666666666664,17.292071838005477,61.18582,Medium
89,58,35,23.98651719,82.09053379,6.096838784,167.0576456,jute,182,60.666666666666664,19.690659998901108,68.36641,High
91,41,37,24.48556447,83.20630007,6.132570522999999,192.2316221,jute,169,56.333333333333336,20.373532246741505,68.53745,High
77,48,36,25.86705009,84.09985284,7.36008498,154.83908469999997,jute,161,53.666666666666664,21.754151059739087,63.979,Medium
66,58,35,23.5643831,79.46283115,7.321619041,185.25947,jute,159,53.0,18.724925954292136,65.7301,Medium
62,59,41,24.2248758,74.89465426,7.175170657000001,192.4931257,jute,162,54.0,18.143136975324406,65.70064,Medium
82,35,35,25.49386782,86.97061481,7.299076163,176.5268267,jute,152,50.666666666666664,22.172173581902744,64.79801,Medium
61,41,35,24.97178693,79.47557931,6.842966478999998,195.7571622,jute,137,45.666666666666664,19.846472326676363,63.079353,Medium
99,57,38,24.80624984,82.09281674,6.356295567999999,156.3616174,jute,194,64.66666666666667,20.364149221217744,69.375145,High
70,42,43,23.16814977,76.66724969,6.508342839,157.1215052,jute,155,51.666666666666664,17.762383232719063,61.533333,Medium
90,59,35,24.25133493,89.86454053,7.098227926,175.1742112,jute,184,61.333333333333336,21.793350707235895,70.67414,High
73,43,42,26.58361011,78.00774772,6.310699968,154.8238864,jute,158,52.666666666666664,20.737275509477215,62.112885,Medium
67,46,44,26.82489244,78.20392774,7.093328631,153.91998069999997,jute,157,52.333333333333336,20.97811950011032,62.052982,Medium
84,37,42,25.49674786,81.13449097,6.691074249,169.92882340000003,jute,163,54.333333333333336,20.686656590115366,65.352715,Medium
72,41,36,24.09874353,80.57226761,6.187746776,176.8604109,jute,149,49.666666666666664,19.41690412763916,62.86583,Medium
71,56,37,23.18866654,86.20899734,6.491506245,176.103677,jute,164,54.666666666666664,19.99071692065007,66.48454,Medium
64,53,38,26.24347471,78.51063754,6.855362875,183.4065252,jute,155,51.666666666666664,20.603919307469667,65.560265,Medium
65,54,39,23.75091572,71.14782585,7.124571593,160.0889553,jute,158,52.666666666666664,16.89826015424587,60.67997,Medium
60,58,37,26.13871511,79.1188943,6.067302109,171.4892533,jute,155,51.666666666666664,20.68066237925903,64.50464,Medium
86,39,43,26.14576648,71.23690851,6.432051512,193.1007598,jute,168,56.0,18.625435746595848,66.36754,High
90,50,44,26.91643698,73.48655995,6.253408852000001,171.4716375,jute,184,61.333333333333336,19.77996359771167,68.2669,High
91,38,36,26.5232969,77.17331847,7.287318722999999,157.8548562,jute,165,55.0,20.468908385380633,63.305176,Medium
87,48,38,23.81579631,80.94023552,7.161865733,190.312216,jute,173,57.666666666666664,19.27656162427747,68.395515,High
72,41,36,26.50838667,86.84264005,6.065898282999999,152.9801697,jute,149,49.666666666666664,23.02058281889028,60.1587,Medium
71,54,35,26.63952463,70.95705996,7.311077075,199.3355744,jute,160,53.333333333333336,18.902623464768066,65.84915,Medium
82,46,41,23.325013100000003,79.79609448,6.581693772,187.3096148,jute,169,56.333333333333336,18.61244949074838,67.08156,High
71,52,43,26.47549543,73.96164569,6.732826127,180.2513601,jute,166,55.333333333333336,19.581712124608742,65.35419,Medium
80,43,43,23.78756036,74.36794079,6.014572075,172.64426540000005,jute,166,55.333333333333336,17.690318803910312,64.8026,Medium
77,55,43,25.49941707,75.99987588,6.663559451,193.71418280000003,jute,175,58.333333333333336,19.379525323323534,67.78096,High
95,57,41,23.24925555,73.65346838,6.434610995,184.7674863,jute,193,64.33333333333333,17.123883085104648,69.66458,High
63,47,35,26.98582182,89.05587886,7.432768147000001,193.8778713,jute,145,48.333333333333336,24.032460789394648,66.372826,Medium
93,43,38,23.61475336,86.14290267,6.987332927000001,150.2355238,jute,174,58.0,20.342434002665357,65.44596,High
87,44,43,23.87484465,86.79261344,6.718725189,177.5147313,jute,174,58.0,20.72160162647502,67.93225,High
88,52,39,23.92887902,88.07112278,6.880204617,154.6608736,jute,179,59.666666666666664,21.07443242158186,67.656235,High
90,39,37,24.81441246,81.68688879,6.86106911,190.7886386,jute,166,55.333333333333336,20.270121510092103,67.63942,Medium
90,39,43,24.44743944,82.286484,6.7693455,190.9684885,jute,172,57.333333333333336,20.11693834320529,68.85842,High
84,38,43,26.57421679,73.81994896,7.26158085,159.3223075,jute,165,55.0,19.61707327089775,62.7794,Medium
91,21,26,26.33377983,57.36469955,7.261313694,191.6549412,coffee,138,46.0,15.106293679638002,58.545322,Medium
107,21,26,26.45288458,55.32222678,7.235070264,144.68613359999995,coffee,154,51.333333333333336,14.634324797199252,55.007748,Medium
83,38,35,25.70822684,52.88667115,7.18915558,136.73250919999998,coffee,156,52.0,13.596225387366836,56.412292,Medium
108,24,31,24.12832546,56.18107663,6.431899747999999,147.27578180000003,coffee,163,54.333333333333336,13.5555530162184,57.680054,Medium
116,28,34,23.44372334,60.39523266,6.42321105,122.2103248,coffee,178,59.333333333333336,14.158891255359721,58.142666,High
116,23,25,23.4123707,52.26994674,6.869720196,139.3670753,coffee,164,54.666666666666664,12.237633695461366,55.36891,Medium
109,31,27,23.05951896,50.40609436,6.973839707000001,164.4971875,coffee,167,55.666666666666664,11.623402885939688,58.785244,Medium
89,25,34,23.07895447,63.65861483,7.184801627000001,129.8765443,coffee,148,49.333333333333336,14.691742732848368,54.454372,Medium
118,18,32,27.6496114,51.11044023,6.351823783,122.8392822,coffee,168,56.0,14.131838108424267,56.62921,High
111,32,34,25.46743689,69.35161206,6.392048018,171.37644619999998,coffee,177,59.0,17.662078033578126,65.39402,High
84,36,28,26.7350622,55.55164819,6.119892347,140.63052130000003,coffee,148,49.333333333333336,14.851767696721675,54.85353,Medium
85,33,25,26.20811417,52.50987966,6.910823945,189.0944824,coffee,143,47.666666666666664,13.76184921182241,58.090664,Medium
99,15,27,27.0424167,57.27927475,6.501157208,165.6872119,coffee,141,47.0,15.489700160632884,56.20185,Medium
81,30,31,24.65090184,51.93952357,7.027585558999999,135.1386537,coffee,142,47.333333333333336,12.803560971404362,50.417225,Medium
95,39,29,27.35152643,55.99375012,7.13411409,148.98125249999995,coffee,163,54.333333333333336,15.315145363219957,57.894924,Medium
81,34,30,25.17787724,62.26244581,6.6477659970000005,135.0119649,coffee,145,48.333333333333336,15.676362172663325,54.489277,Medium
80,15,28,23.11438731,68.00096043,6.703270635,161.8944624,coffee,123,41.0,15.718005368310044,54.0235,Medium
104,20,26,27.22783677,52.95261751,7.493191968,175.7260273,coffee,150,50.0,14.417852261065239,58.787956,Medium
109,29,28,23.26316991,60.51600210000001,6.724688502999999,194.1755471,coffee,166,55.333333333333336,14.077940391262167,63.276665,Medium
100,32,26,25.234661,57.53161469,6.043485685,124.2261737,coffee,158,52.666666666666664,14.517907934847699,55.58947,Medium
100,24,28,25.59535262,57.72920846,7.101661011,195.7733251,coffee,152,50.666666666666664,14.775994470071872,61.449734,Medium
83,21,28,25.5674832,60.49244602,7.466900682999999,190.2257843,coffee,132,44.0,15.46639597343257,58.022396,Medium
120,23,28,25.67324193,51.29043632,6.877799264,196.2736367,coffee,171,57.0,13.167917803386187,63.744858,High
104,26,30,24.40726724,62.65692638,6.410992833,148.6977358,coffee,160,53.333333333333336,15.292843465936658,57.93171,Medium
108,33,31,23.69287069,66.76090123,7.393825704,144.6576424,coffee,172,57.333333333333336,15.81757399990252,60.42676,High
91,25,26,24.53460016,66.99765375,7.482414225,180.5059257,coffee,142,47.333333333333336,16.437606464143744,59.11723,Medium
86,26,27,27.13140403,52.89368299,6.081172981,192.4280381,coffee,139,46.333333333333336,14.350798838364286,57.27369,Medium
98,18,27,27.56088634,68.49299897,6.516312148,167.43580749999995,coffee,143,47.666666666666664,18.87727759697907,59.00208,Medium
111,27,31,23.59302313,55.27564977,6.0433309510000015,191.3980675,coffee,169,56.333333333333336,13.04119683549389,63.677948,High
84,39,35,23.17714381,52.13864034,6.959404135,117.3113562,coffee,158,52.666666666666664,12.084247652180474,53.50231,Medium
98,27,27,24.71384065,51.29142534,7.238109556,197.6439711,coffee,152,50.666666666666664,12.676081125641321,59.658157,Medium
118,21,34,24.38534644,64.72543073,7.234258375,119.6324109,coffee,173,57.666666666666664,15.783520518292722,58.525,High
103,27,31,27.15998538,51.59100753,6.691541233,126.1752206,coffee,161,53.666666666666664,14.012110102542698,55.88207,Medium
82,24,33,26.53543168,67.09608099,6.809593554,120.6494434,coffee,139,46.333333333333336,17.80423473105892,53.228527,Medium
86,31,35,27.01207284,60.76645256,6.485761419,191.4508931,coffee,152,50.666666666666664,16.414278427791245,62.58065,Medium
88,35,35,27.55906475,58.45742907,6.784460602,117.9389993,coffee,158,52.666666666666664,16.110320728586622,56.25329,Medium
84,27,29,23.32293161,53.00366334,7.167092586,168.26442869999997,coffee,140,46.666666666666664,12.362008151582843,55.196537,Medium
120,40,33,24.23850608,54.30329632,6.73410539,115.1564012,coffee,193,64.33333333333333,13.162307780163617,59.02611,High
106,40,30,23.42611644,64.10651528,6.779984384,122.6847408,coffee,176,58.666666666666664,15.017666915119191,58.30179,High
113,21,33,26.02241444,55.83288958,7.277422737999999,176.90209240000004,coffee,167,55.666666666666664,14.529065920335174,61.894608,Medium
117,34,25,24.83846178,56.7685316,7.21270048,124.4135035,coffee,176,58.666666666666664,14.100430024533223,57.70829,High
80,30,25,26.24092174,65.64381357,7.487266991,148.37712019999995,coffee,135,45.0,17.225541746055203,54.04877,Medium
88,21,27,24.43011925,66.02411187,7.231166546,181.6368274,coffee,136,45.333333333333336,16.129769263594405,59.06596,Medium
113,33,34,26.00373964,62.144510200000006,6.559817161000002,153.477776,coffee,180,60.0,16.159896632961246,62.55257,High
87,23,28,26.22367404,62.26594559,6.979590627,193.7461968,coffee,138,46.0,16.328418609445354,60.138935,Medium
113,15,29,27.09617155,63.55324262,6.779230041,190.2440566,coffee,157,52.333333333333336,17.220495645902915,63.130913,Medium
98,29,30,25.64004392,61.03273481,6.217974349,199.4735636,coffee,157,52.333333333333336,15.64882001086113,62.84364,Medium
97,29,27,27.74576987,54.36976075,7.205078785,139.8619431,coffee,153,51.0,15.085308696564585,54.430553,Medium
85,35,32,26.24928198,54.28617819,6.854011265,133.1120232,coffee,152,50.666666666666664,14.24973198925836,54.554657,Medium
82,29,35,26.67377159,52.24226285,6.246872394,156.15438980000005,coffee,146,48.666666666666664,13.934981866056425,55.12297,Medium
103,33,25,27.10210397,55.74973320000001,6.911066044,139.5013171,coffee,161,53.666666666666664,15.109350654861611,56.963028,Medium
112,17,28,27.62975458,61.26002598,6.777417989,196.6492664,coffee,157,52.333333333333336,16.925994833918242,62.869328,Medium
99,19,33,27.536454700000004,55.51673151,6.273741983,130.6377143,coffee,151,50.333333333333336,15.287339623171778,54.78293,Medium
120,20,34,23.56960509,50.56339727,6.906124587000001,130.3797119,coffee,174,58.0,11.917593056626842,56.198017,High
114,27,28,24.99451759,57.93250202,7.162802357,192.8736822,coffee,169,56.333333333333336,14.479949407716006,63.71518,High
100,40,35,27.56441788,54.41094079,6.9557873510000015,177.816092,coffee,175,58.333333333333336,14.998059091794973,63.710213,High
108,35,25,23.98143338,61.10935084,6.971963169,161.5279095,coffee,168,56.0,14.654898260645068,60.989426,High
115,31,30,24.22984659,67.37768353,6.840927967000001,122.4073418,coffee,176,58.666666666666664,16.325509355214695,58.999496,High
87,28,30,25.60153969,68.66257977,6.536676653,168.8383605,coffee,145,48.333333333333336,17.578677611994458,59.811687,Medium
82,24,26,24.31274458,53.57285558,6.089443602999999,184.4103931,coffee,132,44.0,13.025031541377677,55.581474,Medium
94,26,27,26.36629861,52.25738495,7.456460375,177.31761609999995,coffee,147,49.0,13.778338161694201,58.369106,Medium
87,28,35,26.5602777,57.1621814,6.759211911,152.0616227,coffee,150,50.0,15.18243411921775,57.80636,Medium
118,40,35,26.35034208,58.50650238,7.460174812000001,121.5586297,coffee,193,64.33333333333333,15.416663516173342,60.35589,High
87,38,29,25.20406808,57.88370456,6.652642579,156.1457255,coffee,154,51.333333333333336,14.589048304528465,57.341434,Medium
92,40,30,23.35723208,55.18792166,6.026287448,171.6976946,coffee,162,54.0,12.890370942254787,59.432808,Medium
97,22,26,23.60567546,59.68849145,6.074190142000001,185.1568059,coffee,145,48.333333333333336,14.089871578656847,59.747246,Medium
99,40,32,24.18471151,69.94807345,7.0455430560000005,163.27087319999995,coffee,171,57.0,16.916739770685403,63.576363,High
89,28,33,26.44414097,53.83876189,6.9932360010000005,175.3723314,coffee,150,50.0,14.237198090694237,59.971554,Medium
112,39,29,26.12492233,63.37479229,6.726528895,147.8035305,coffee,180,60.0,16.55661526256133,61.019093,High
111,28,26,27.77363343,64.47858698,6.937352845,192.7121236,coffee,165,55.0,17.908046388668907,64.19171,Medium
114,20,26,25.55656667,62.67087838,7.27905689,193.5866233,coffee,160,53.333333333333336,16.016524815859313,62.938347,Medium
117,26,30,27.92374437,67.96910852,7.079850922,115.2325531,coffee,173,57.666666666666664,18.979520113692693,58.63383,High
111,29,31,26.05968403,52.31098539,6.136286518,161.3432535,coffee,171,57.0,13.632077505613463,60.091328,High
119,30,28,26.35770906,64.57578034,6.5052036960000015,163.62694960000005,coffee,177,59.0,17.02069630524188,62.90602,High
116,40,33,24.91370487,54.15319242,7.042089492000001,129.5481144,coffee,189,63.0,13.491566537202011,59.02065,High
95,37,35,27.31317116,68.42333909999999,6.348337518999998,192.4288139,coffee,167,55.666666666666664,18.6885837217702,64.9343,Medium
86,40,33,26.1387869,52.26311691,7.432322234,136.3027766,coffee,159,53.0,13.660944756402763,56.07065,Medium
117,37,32,23.1069385,67.06230539,6.787658922,162.57696059999995,coffee,186,62.0,15.496045663149484,64.37621,High
105,18,35,23.52648086,68.44030686,6.743417121,171.8839938,coffee,158,52.666666666666664,16.101595693943167,62.285324,Medium
109,23,25,25.11711046,68.48030408,7.00733163,194.8773479,coffee,157,52.333333333333336,17.200273619117485,63.521667,Medium
80,18,31,24.02952505,58.84880599,7.303033217,134.6803969,coffee,129,43.0,14.141088576992951,51.032658,Medium
101,31,26,26.70897548,69.71184111,6.861235184,158.86088869999998,coffee,158,52.666666666666664,18.619318548726458,60.887165,Medium
103,33,33,26.71717393,50.50148528,7.131435858,126.8073984,coffee,169,56.333333333333336,13.492569659490949,56.924213,High
93,26,27,24.59245684,56.46829641,7.288211994,137.70440469999997,coffee,146,48.666666666666664,13.886941422912521,53.656944,Medium
104,35,28,27.51006055,50.66687215,6.983732393,143.9955548,coffee,167,55.666666666666664,13.938487207256086,57.89009,Medium
116,36,25,27.57847581,58.52534263,6.172090205,156.6810374,coffee,177,59.0,16.140397459934167,61.74506,High
107,38,29,26.65069302,57.56695719,6.35118177,145.105065,coffee,174,58.0,15.341993041661716,59.79935,High
101,33,33,26.97251562,62.0183627,6.908671378999999,142.8610793,coffee,167,55.666666666666664,16.727912566525752,58.52078,Medium
107,31,31,23.17124551,52.97841162,6.766184468,153.12016440000005,coffee,169,56.333333333333336,12.275757823768567,58.395794,High
99,16,30,23.52652084,65.44340921,6.392791654,186.1728203,coffee,145,48.333333333333336,15.396557306197128,60.833218,Medium
103,40,30,27.30901814,55.196224,6.3483162570000005,141.48316440000005,coffee,173,57.666666666666664,15.073546824755033,58.83647,High
118,31,34,27.54823036,62.88179198,6.123796057000001,181.4170812,coffee,183,61.0,17.322820909146408,65.86227,High
106,21,35,25.627355,57.04151119,7.4285236339999985,188.5506536,coffee,162,54.0,14.618230570026025,62.150642,Medium
116,38,34,23.29250318,50.04557009,6.020947179,183.468585,coffee,188,62.666666666666664,11.65686600466238,63.550674,High
97,35,26,24.91461008,53.74144743,6.334610249,166.2549307,coffee,158,52.666666666666664,13.38947207853268,59.86741,Medium
107,34,32,26.77463708,66.4132686,6.78006386,177.7745075,coffee,173,57.666666666666664,17.781911640615597,64.54269,High
99,15,27,27.41711238,56.63636248,6.086922359,127.92461000000002,coffee,141,47.0,15.528055149085755,52.33235,Medium
118,33,30,24.13179691,67.22512329,6.362607851,173.32283859999995,coffee,181,60.333333333333336,16.222630224839907,65.36574,High
117,32,34,26.2724184,52.12739421,6.758792552,127.1752928,coffee,183,61.0,13.695127107868576,58.554497,High
104,18,30,23.60301571,60.39647474,6.779832611000002,140.9370415,coffee,152,50.666666666666664,14.255389421168383,55.592102,Medium
